start_time_s,end_time_s,pitch_midi,velocity,pitch_bend
311.1851410430839,311.33607074829933,57,69,0,0,0,0,1,1,1,1,1,1,1,1,1
311.1735310657597,311.33607074829933,69,44,-1,0,0,0,1,1,1,1,1,1,0,0,0,0
310.88328163265305,311.0690412698413,55,70,1,1,1,1,1,1,1,1,1,1,1,1,1,1,1,1
310.6278621315193,310.83684172335603,57,93,1,1,1,1,1,1,1,1,1,1,1,1,1,1,1,1,1,1
310.3376126984127,310.6278621315193,57,92,1,1,1,1,1,1,1,1,1,1,1,1,1,1,1,1,1,1,0,0,1,1,1,1,1
310.15185306122453,310.3376126984127,69,65,2,2,2,1,1,1,0,0,0,0,1,1,1,1,1,1
310.0821931972789,310.3376126984127,57,48,1,1,1,1,1,1,1,1,1,1,1,1,2,0,0,1,1,1,1,1,1,1
309.7790498866213,310.2215129251701,60,85,1,2,2,2,2,2,2,2,2,2,2,2,2,2,2,2,2,2,1,1,1,2,2,2,2,2,2,2,2,2,2,2,2,2,2,2,2,2,2
309.25660090702945,309.4075306122449,55,58,0,0,0,0,0,0,0,0,0,1,1,0,0
308.97796145124715,309.24499092970524,72,56,2,2,2,2,2,2,2,2,1,1,1,0,1,1,1,1,1,2,2,2,2,2,2
307.89694965986394,308.20009297052155,60,83,2,1,1,1,1,1,1,1,1,1,1,1,1,1,1,1,1,1,1,1,0,1,0,0,1,1,1
306.7823918367347,306.9217115646258,57,38,0,0,0,0,0,0,0,0,0,0,0,0
306.2715528344671,306.4340925170068,57,78,0,0,1,1,1,1,1,2,2,2,2,1,1,0
305.70138004535147,306.2715528344671,57,67,1,1,1,1,1,1,1,1,1,1,1,1,1,1,1,1,1,0,0,0,0,0,0,0,0,0,2,2,1,1,1,1,1,1,1,1,1,1,1,1,1,0,0,0,0,0,0,0,0,0
305.283420861678,305.43435056689344,62,56,-3,-1,2,2,2,2,2,2,2,1,0,0,0
304.6680920634921,304.83063174603177,56,72,2,2,2,2,1,1,1,1,1,1,1,2,2,2
303.5174204081633,303.90054965986394,60,93,1,1,1,1,1,1,1,1,1,1,1,1,1,1,1,1,1,1,1,1,1,1,1,1,1,1,1,1,1,1,1,1,1
303.36649070294783,303.5174204081633,60,86,0,0,0,0,0,1,1,1,1,1,0,1,1
302.94853151927435,303.08785124716553,58,49,0,0,0,0,0,0,0,0,0,0,0,0
302.40286258503403,302.63506213151925,57,78,0,0,1,1,1,1,2,2,2,2,2,2,2,2,1,1,1,1,0,0
301.90234965986394,302.0661732426304,57,74,2,2,2,1,1,0,0,0,0,0,1,1,1,0,0
301.6004902494331,301.7398099773242,57,70,1,1,1,1,1,1,1,1,1,0,0,0
301.35668072562356,301.6004902494331,57,80,2,2,2,1,1,1,1,1,1,1,1,1,1,1,1,1,1,0,1,1,1
301.0316013605442,301.26380090702946,60,81,2,2,2,2,2,2,2,1,1,1,1,1,1,1,1,1,1,1,1,1
300.8806716553288,301.04321133786846,62,77,0,0,1,1,1,1,1,1,1,1,1,1,1,-4
299.84609977324266,300.00992335600904,56,80,2,2,2,2,2,2,1,1,1,1,1,1,1,1,1
299.1959410430839,299.43975056689345,57,66,0,0,0,0,0,0,0,0,0,0,0,0,0,1,1,1,1,0,0,0,0
298.62705215419504,298.8360317460318,57,83,2,2,2,2,2,2,2,2,2,2,2,2,2,2,2,1,-1,-1
297.5228204081633,297.6621401360544,62,73,2,1,1,1,0,0,0,0,0,0,0,-1
297.2557909297052,297.5228204081633,62,82,2,2,2,2,2,2,2,1,1,2,2,2,2,2,2,2,2,2,2,0,2,2,2
296.6172421768708,296.7913918367347,54,38,1,1,0,0,0,0,0,0,0,0,0,0,1,1,0
296.45470249433106,296.6172421768708,56,75,1,1,1,1,1,1,1,1,1,1,1,1,1,0
295.8845297052154,296.3502126984127,57,61,1,1,2,2,1,0,0,1,1,1,1,1,1,1,1,1,1,1,1,0,0,0,-2,-2,-2,-2,-2,0,0,1,1,1,1,1,1,1,1,1,1,1,1
295.5362303854875,295.6987700680272,56,45,4,4,2,1,0,0,0,0,0,0,0,0,0,0
295.00217142857144,295.1647111111111,56,40,5,5,2,2,2,2,2,1,1,1,0,0,0,0
294.8396317460317,294.9905614512472,58,81,1,1,1,1,2,2,1,1,0,0,0,0,-1
294.2475229024943,294.410062585034,55,77,1,1,1,1,1,1,1,1,0,0,0,0,0,-1
293.70057006802716,293.87471972789115,57,53,-1,0,0,0,0,0,1,1,0,0,0,0,0,0,0
293.15490113378684,293.29422086167796,57,58,2,2,2,2,2,2,2,1,1,1,0,0
292.5976222222222,292.7833818594104,57,73,1,1,1,1,1,1,1,1,1,1,1,1,1,0,0,0
291.7952498866213,291.9345696145125,59,50,-1,-1,0,0,0,0,0,0,0,0,0,0
290.97094149659864,291.4585605442177,55,64,1,1,1,1,1,0,0,0,0,0,0,0,0,0,0,0,0,0,1,1,1,1,1,1,1,1,1,1,1,1,1,1,1,1,1,1,1,1,1,1,1,1
290.6226421768708,290.82001179138325,55,62,3,3,3,3,2,1,1,1,1,1,1,1,0,0,0,0,0
290.43688253968253,290.6226421768708,56,45,0,0,0,0,0,-1,-1,-1,2,2,3,3,3,3,3,0
290.1350231292517,290.33239274376416,55,47,1,2,2,2,2,2,2,2,2,2,2,2,2,2,2,2,2
289.8899297052154,290.1118031746032,57,68,0,0,0,0,0,1,1,1,1,1,1,1,1,1,-1,1,1,1,1,1
289.6112902494331,289.84348979591834,55,71,1,1,1,1,1,1,1,1,1,1,1,1,1,1,1,1,1,1,2,2
289.34426077097504,289.5532403628118,60,58,0,0,0,0,0,0,0,0,0,1,1,1,1,1,1,1,0,0
289.06562131519274,289.25138095238094,55,44,2,2,2,2,2,3,3,3,3,3,2,2,2,2,2,2
288.9843514739229,289.34426077097504,60,67,1,1,1,1,1,1,1,1,0,0,0,0,0,0,0,0,0,0,0,0,0,0,0,0,0,0,0,0,0,0,0
288.8218117913832,289.0075714285714,57,82,2,2,2,2,2,2,2,2,2,1,1,1,1,1,-2,-2
288.8102018140589,288.9843514739229,60,94,1,1,1,1,1,1,1,1,2,2,2,2,2,2,2
288.51995238095236,288.8218117913832,57,68,1,1,1,1,1,2,2,2,2,2,1,1,1,1,1,1,1,1,1,1,1,1,2,2,2,2
288.46190249433107,288.61283219954646,60,55,0,0,0,1,1,1,1,1,1,1,1,1,1
288.24131292517006,288.51995238095236,57,88,1,1,1,1,1,1,1,1,1,1,1,1,1,1,0,0,0,0,0,0,0,1,1,1
287.9149496598639,288.06716326530614,60,70,2,2,2,2,2,1,1,1,1,1,0,0,0,-1
287.2299609977324,287.6711401360544,57,58,0,1,1,1,1,1,1,1,1,1,1,0,1,1,1,0,0,0,0,0,0,0,0,0,0,0,1,1,1,1,0,0,0,1,1,1,1,1
286.6030222222222,286.858441723356,55,86,2,2,2,2,2,2,2,2,2,2,2,1,1,1,1,1,1,1,0,0,0,0
286.3243827664399,286.6030222222222,55,78,3,2,2,2,2,2,2,3,3,3,2,2,2,2,2,2,2,2,2,2,2,2,2,2
286.1618430839002,286.30116281179136,57,85,1,1,1,1,1,1,1,1,1,1,1,0
285.78903990929706,285.9980195011338,55,75,1,2,2,2,2,2,2,2,2,2,2,2,2,2,2,2,1,1
285.5568403628118,285.7193800453515,57,67,2,2,2,2,2,2,1,1,1,1,1,1,1,1
285.23176099773247,285.4987904761905,55,78,1,1,1,1,1,1,1,1,1,1,1,1,1,1,1,1,1,1,1,1,1,1,1
285.01117142857146,285.2085410430839,57,87,1,1,1,1,1,1,1,1,1,1,1,1,1,1,1,1,1
284.73253197278916,284.91829160997736,55,79,2,2,1,1,1,1,1,1,1,1,2,2,2,1,1,1
284.44228253968254,284.6744820861678,57,65,2,2,2,2,2,2,2,2,2,1,1,1,1,1,1,1,1,1,1,1
284.1868630385488,284.44228253968254,57,81,2,2,2,2,2,2,2,2,2,2,2,2,2,2,2,2,2,2,2,2,2,2
283.9069396825397,284.1868630385488,57,75,0,0,0,0,0,0,0,0,0,0,0,1,1,1,1,1,1,1,1,1,1,1,1,1,2
282.81560181405894,283.0478013605442,57,57,1,1,1,1,1,1,1,1,1,1,1,1,1,1,0,0,0,0,-1,-1
282.38603265306125,282.72272199546484,60,71,1,1,1,1,1,1,1,1,1,0,0,0,0,0,0,1,1,1,1,1,1,1,1,1,1,1,1,1,1
281.7113700680272,281.8971297052154,85,42,-1,1,1,1,1,1,1,1,1,0,0,0,0,0,0,0
281.7113700680272,282.0596693877551,57,83,1,1,1,1,1,1,1,1,1,1,1,1,1,1,1,1,1,1,1,1,1,1,1,1,1,1,1,1,1,1
281.4327306122449,281.59527029478454,55,52,2,2,0,2,2,2,2,2,2,2,2,2,2,2
281.16570113378685,281.3282408163265,57,40,-1,-1,-1,0,0,0,0,0,0,0,0,0,0,0
280.85223174603175,281.13087120181405,55,62,5,1,1,1,1,1,1,1,2,2,2,2,2,2,2,2,2,2,2,2,2,2,2,2
280.643252154195,280.8406217687075,57,79,0,0,0,0,1,1,1,1,1,1,1,1,0,0,-1,-1,-1
280.3413927437642,280.59681224489793,55,59,3,2,2,2,2,2,2,2,2,2,2,2,2,2,2,2,2,2,2,2,2,2
280.0498594104309,280.2833428571428,57,80,1,1,2,2,2,2,2,2,1,1,1,1,1,1,1,1,1,1,1,1,-2
279.80604988662134,280.0498594104309,57,78,1,1,1,1,0,0,0,1,1,1,1,1,1,1,1,1,1,1,1,1,1
279.51580045351477,279.80604988662134,57,52,0,1,0,0,0,0,0,0,0,0,0,0,0,0,0,0,0,0,0,0,0,0,0,0,1
278.44768253968255,278.5870022675737,57,64,1,1,1,1,1,1,1,1,1,1,1,1
277.8775097505669,278.08648934240364,55,76,1,1,1,1,1,1,1,1,1,0,0,0,0,0,0,0,0,-1
277.57565034013606,277.8775097505669,55,91,1,1,1,0,0,0,0,1,1,1,1,1,1,1,1,1,1,1,1,1,1,1,1,1,1,1
277.2389609977324,277.40150068027214,56,61,-1,0,0,0,0,0,1,1,1,1,1,1,2,2
276.867441723356,277.00676145124714,56,67,2,2,2,2,2,2,1,1,1,1,1,2
276.6816820861678,276.867441723356,56,56,-1,-1,-1,-1,-1,-1,-1,1,1,1,1,2,2,2,2,2
276.5191424036281,276.6816820861678,55,75,2,2,2,2,2,2,2,2,2,2,2,2,2,2
276.22889297052154,276.426262585034,57,45,-1,-1,-1,-1,0,0,0,0,0,0,0,0,0,0,0,0,0
276.0302394557823,276.22889297052154,56,42,0,0,0,0,0,0,0,0,0,0,0,0,0,0,0,0,0,1
275.7399900226757,275.9025297052154,72,51,2,2,2,1,1,1,1,2,1,1,1,1,1,1
275.7399900226757,275.9257496598639,60,73,2,2,2,2,2,2,2,2,2,1,1,1,1,1,1,0
275.7167700680272,275.91413968253966,57,73,0,1,1,1,1,1,1,1,1,1,1,1,1,1,1,1,1
274.9040716553288,275.0550013605442,60,70,1,1,1,1,1,1,1,1,1,1,1,1,1
274.0668693877551,274.207473015873,60,31,2,2,2,2,2,2,2,2,2,2,2,1,1
273.26578095238096,273.5676403628118,55,75,2,2,2,1,1,1,1,1,1,1,1,1,1,1,1,1,1,1,1,1,1,1,1,1,1,1
272.99875147392294,273.2309510204082,57,78,1,1,1,1,1,1,1,1,1,1,1,1,1,1,1,1,1,0,0,0
272.429862585034,272.604012244898,57,48,0,0,0,0,0,0,0,0,0,1,1,1,1,1,0
272.20927301587307,272.3718126984127,55,76,2,1,1,1,1,1,1,1,2,2,2,2,2,2
271.8829097505669,272.0686693877551,57,47,0,2,2,2,2,2,2,2,2,2,2,2,2,2,2,0
271.6158802721089,271.7552,57,41,1,1,0,0,0,0,0,0,0,0,0,0
271.3836807256236,271.59266031746034,60,85,1,1,1,1,1,1,1,1,1,1,1,1,1,1,0,0,0,0
271.32563083900226,271.49978049886624,57,74,0,0,0,1,1,1,1,1,1,1,1,1,1,1,1
271.09343129251704,271.32563083900226,57,72,1,1,1,1,1,1,0,0,0,0,0,0,0,0,0,0,0,0,0,0
270.8147918367347,271.09343129251704,57,49,3,3,0,0,0,0,0,0,-1,-1,-1,-1,-1,-1,-1,-1,-1,-1,-1,0,0,0,0,1
270.5361523809524,270.7451319727891,60,68,0,0,0,0,0,0,0,0,1,1,1,1,1,1,1,1,1,1
268.8978616780045,269.19972108843535,55,83,2,2,2,2,2,2,2,2,2,2,2,2,1,1,1,1,1,1,1,1,1,1,1,2,2,2
268.07226938775506,268.2244829931973,57,49,0,0,0,0,0,0,0,0,0,0,0,0,-1,-1
267.80523990929703,267.9445596371882,55,44,1,1,0,0,0,0,0,0,0,1,1,1
267.5498204081632,267.75879999999995,57,80,0,1,1,1,1,1,1,1,1,1,1,1,1,1,1,1,1,1
267.0273714285714,267.2247410430839,60,70,2,2,2,2,2,2,2,2,2,2,1,1,1,1,1,1,-1
267.01576145124716,267.1899111111111,72,58,2,2,2,2,1,1,1,2,2,1,1,1,1,1,1
266.9577115646258,267.1550811791383,57,82,2,2,2,2,2,2,2,2,2,2,2,2,2,2,2,2,1
266.70229206349205,266.9577115646258,57,85,2,2,2,2,2,2,2,2,2,2,2,2,2,1,1,1,1,1,1,1,1,1
266.52814240362807,266.70229206349205,57,70,1,1,1,1,1,1,1,1,1,2,2,2,2,2,2
266.214673015873,266.3772126984127,59,80,2,2,2,2,2,2,2,2,1,1,1,1,0,0
265.9927995464853,266.1437292517007,61,31,-1,0,1,3,4,4,4,4,4,3,3,0,0
264.86663174603177,265.0756113378685,57,62,1,2,2,2,2,2,1,1,1,1,1,1,1,1,1,1,1,1
264.5879922902495,264.86663174603177,55,67,2,2,1,1,1,1,1,0,0,0,0,0,0,0,0,0,1,1,1,1,2,2,2,1
264.36740272108847,264.5763823129252,56,38,3,3,2,2,2,2,2,2,3,3,3,3,0,0,0,0,-1,-1
263.982989569161,264.25130294784583,55,92,1,1,1,1,1,1,1,1,1,1,1,1,1,1,1,1,1,1,1,1,1,1,2,2
263.48376054421766,263.6695201814059,55,52,2,2,2,1,1,1,1,1,1,1,0,0,0,0,0,0
263.1935111111111,263.33283083900227,57,60,1,2,2,2,2,2,2,2,2,1,0,0
262.92648163265306,263.15868117913834,55,61,2,2,2,1,1,1,1,1,1,1,1,1,1,1,1,1,1,1,1,1
262.89165170068026,263.03097142857143,57,43,0,1,1,1,1,1,1,2,2,2,2,2
262.65945215419504,262.8568217687075,60,79,2,2,2,2,2,2,2,2,2,2,2,2,2,1,1,1,1
262.65945215419504,262.8219918367347,57,71,0,0,0,0,0,1,1,1,1,1,1,0,0,0
262.34598276643993,262.65945215419504,60,60,2,1,1,1,1,1,1,1,2,2,2,2,2,2,1,1,1,1,1,1,1,2,2,2,2,2,2
262.08927936507934,262.2298829931973,57,51,0,0,0,0,0,0,0,1,1,1,1,1,0
261.8338598639456,261.98478956916097,60,70,2,2,2,2,1,1,1,1,1,0,0,0,0
261.543610430839,261.8338598639456,60,54,0,0,0,0,1,1,1,1,1,1,1,1,1,1,1,0,0,6,3,3,3,3,3,3,2
260.3129528344671,260.90506167800453,53,78,0,1,1,1,1,1,1,1,1,1,1,1,1,1,1,1,1,1,1,1,1,1,1,1,1,1,1,1,1,1,1,1,1,1,1,1,1,1,1,1,1,1,1,1,1,1,1,1,1,1,1
259.9633696145125,260.3129528344671,53,63,2,2,1,1,1,1,1,1,0,0,0,0,0,0,0,0,0,0,0,0,0,0,0,0,0,0,0,0,0,0,0
259.4177006802721,259.61507029478463,53,60,0,1,1,1,1,1,1,1,1,1,1,1,1,1,1,1,1
258.81398185941043,259.3364308390023,53,62,1,1,1,0,0,0,0,0,0,0,0,0,0,0,0,0,0,0,0,1,1,1,1,1,1,1,1,1,1,1,1,1,0,0,0,0,0,0,0,0,0,1,1,1,1
258.5585623582767,258.81398185941043,53,72,1,1,1,1,1,1,1,1,1,1,1,1,1,1,1,1,1,1,1,1,1,1
258.30314285714286,258.5585623582767,55,91,2,2,2,1,1,1,1,1,1,1,1,1,1,1,1,1,1,1,-1,1,1,1
258.0580494331066,258.30314285714286,55,62,2,2,2,2,2,2,2,1,0,0,0,0,0,2,2,2,2,0,2,2,2,2
257.03637142857144,257.28018095238093,55,52,1,1,1,1,1,1,1,1,1,1,1,1,1,1,1,1,1,1,1,0,0
256.5487523809524,256.71129206349207,56,57,1,1,1,1,1,1,1,1,1,1,1,1,1,1
255.92052970521542,256.5139224489796,55,84,2,1,1,1,1,1,1,1,1,1,1,1,1,1,1,1,1,1,1,1,0,0,0,0,0,0,0,0,0,0,0,0,0,0,0,0,0,0,0,0,0,0,0,0,0,0,2,2,2,1,1,1
255.0730013605442,255.21232108843537,57,67,1,1,1,1,1,1,1,1,1,1,1,2
254.20096916099774,254.71309206349207,57,55,3,3,3,3,3,2,2,2,2,2,2,2,2,2,2,2,2,2,2,2,2,2,2,2,2,2,2,2,2,2,2,2,2,2,2,2,2,2,2,2,2,2,2,2,2
253.91071972789115,254.13130929705216,60,81,1,1,1,1,2,2,2,1,1,1,1,1,1,1,1,1,1,-1,-1
253.75979002267573,253.91071972789115,60,94,1,1,1,2,2,2,2,1,0,0,0,0,0
253.6088603174603,253.75979002267573,60,79,3,3,3,3,3,2,1,1,1,1,1,1,1
253.3882707482993,253.6088603174603,61,46,0,2,2,2,2,2,2,2,2,2,2,3,3,4,4,4,3,3,3
251.76159002267573,252.10988934240365,53,61,0,2,2,2,2,1,1,1,1,1,1,1,1,1,1,1,1,1,0,0,0,0,0,0,1,1,1,1,1,1
251.22753106575965,251.76159002267573,53,86,3,2,2,2,2,2,1,1,1,1,1,1,1,1,1,1,1,1,1,1,1,1,1,1,1,1,1,1,1,1,1,1,2,2,2,2,2,2,2,2,2,2,2,1,0,0
250.65864217687076,250.87923174603176,53,67,2,1,1,1,1,2,2,2,2,1,2,1,1,1,1,2,1,1,1
250.15812925170067,250.44966258503402,53,82,1,1,1,1,1,1,1,1,1,1,1,1,1,1,1,1,1,1,1,1,1,1,1,1,2,2
249.58924036281178,249.8330498866213,55,90,2,2,1,1,1,1,1,0,0,0,1,1,1,0,0,0,0,0,1,1,1
249.32221088435372,249.58924036281178,55,62,2,2,2,1,1,1,1,1,1,1,1,0,1,1,1,3,3,2,2,2,2,2,2
247.9045097505669,248.04382947845806,56,70,1,1,1,1,1,1,1,1,1,1,1,1
247.32401088435375,247.84645986394557,55,86,1,1,1,1,1,1,1,1,1,1,1,1,1,1,1,1,1,1,1,1,1,1,1,1,1,1,1,1,1,1,1,1,1,1,1,1,1,1,1,1,1,1,1,1,0
246.99893151927438,247.32401088435375,55,92,2,1,1,1,1,1,1,1,1,1,1,1,1,1,1,1,1,1,1,1,1,1,1,1,1,1,1,1
246.3358789115646,246.51131247165534,57,59,-1,-1,-1,1,0,0,0,0,0,1,1,1,1,0,0,0
246.17333922902492,246.4300426303855,60,46,1,1,1,1,1,1,1,1,1,-1,0,1,2,2,2,2,2,1,1,1,1,1,1
245.7669900226757,246.04562947845804,57,82,2,2,2,1,1,1,1,1,1,2,2,2,2,2,1,1,1,1,1,1,2,2,2,3
245.4303006802721,245.7669900226757,57,67,3,1,1,1,1,1,1,1,1,1,1,0,0,0,0,0,1,1,1,1,1,1,0,1,1,1,1,1,2
245.18649115646258,245.32581088435373,72,59,2,2,1,1,1,1,1,1,1,1,1,1
245.18649115646258,245.39547074829932,60,80,1,1,1,1,1,1,1,1,1,1,1,1,1,0,0,0,0,0
244.94268163265303,245.18649115646258,60,55,1,1,1,0,0,0,0,0,0,1,1,1,1,1,1,1,1,1,1,1,1
244.19835918367346,244.34928888888888,65,51,1,1,1,1,2,2,1,1,1,1,1,1,1
244.17513922902495,244.37379274376417,57,53,3,3,2,2,2,2,2,1,1,1,1,1,1,1,1,1,0,0
244.03581950113377,244.17513922902495,58,82,1,1,1,1,1,1,1,1,0,0,0,0
243.31600090702946,243.51337052154196,59,38,3,3,1,1,1,-2,-2,-2,-2,-2,-2,-2,-2,-2,-2,2,2
243.22312108843536,243.4321006802721,53,79,1,1,1,1,1,1,1,1,1,1,1,1,1,1,1,1,2,2
243.0257514739229,243.22312108843536,53,95,1,1,1,1,1,1,1,1,1,1,1,1,1,1,1,1,1
242.94448163265307,243.08380136054421,58,60,2,2,2,1,1,1,1,1,1,1,1,1
242.75872199546484,243.0257514739229,53,97,0,1,1,1,1,1,1,1,0,1,1,1,1,1,1,1,1,1,1,1,1,1,1
242.5497424036281,242.75872199546484,53,81,1,1,1,1,1,1,1,1,1,1,1,1,1,0,0,0,0,0
242.07244943310658,242.26981904761905,53,75,1,1,1,1,1,1,1,1,1,1,1,1,1,1,1,1,1
241.6312702947846,242.07244943310658,53,69,1,1,1,1,1,1,1,0,0,1,1,1,1,1,1,1,1,1,1,1,1,1,1,1,1,0,0,0,0,0,0,0,1,1,1,1,1,1
241.48034058956918,241.6312702947846,53,73,2,2,1,1,1,1,1,1,1,1,1,1,1
241.1552612244898,241.48034058956918,53,53,2,2,2,1,1,1,1,2,2,2,1,1,1,1,1,-1,1,1,1,1,1,1,1,1,1,1,1,1
240.87662176870748,241.08560136054422,55,66,1,1,1,1,1,1,1,1,1,1,1,1,1,1,1,1,1,1
240.63281224489796,240.87662176870748,55,79,1,1,1,1,1,1,1,1,1,1,1,1,1,1,1,1,1,1,1,1,1
240.2832290249433,240.59798231292518,56,72,1,1,1,1,1,1,1,1,1,1,1,2,2,2,3,3,3,3,3,3,2,2,2,2,2,0,-1,-1
239.0293514739229,239.1918911564626,48,55,2,1,1,1,1,1,1,1,1,1,1,1,1,1
238.51851247165533,239.00613151927436,55,62,0,0,0,0,0,0,0,1,1,1,1,1,1,1,1,1,-1,-1,-1,-1,-1,-1,-1,-1,1,0,0,0,0,0,0,0,1,1,0,0,0,0,1,1,1,1
238.2618090702948,238.51851247165533,55,87,1,1,1,1,1,1,1,1,1,1,1,1,1,1,1,1,0,0,0,0,0,0,0
238.08765941043083,238.2618090702948,55,89,1,1,1,1,1,1,1,1,1,1,1,1,1,1,1
237.2865709750567,237.51877052154197,60,40,2,2,2,-6,-6,-6,-6,1,1,1,1,1,1,0,0,0,0,0,0,0
236.75251201814058,237.24013106575964,57,47,1,1,1,0,0,0,0,0,0,0,0,0,0,0,0,0,0,1,1,0,0,0,0,1,1,1,1,1,1,1,1,1,1,1,1,3,3,2,2,2,2,1
236.52031247165533,236.65963219954648,60,68,1,1,1,1,1,1,1,1,1,1,1,1
236.228779138322,236.52031247165533,60,77,2,2,1,1,1,1,1,1,1,1,1,1,1,0,0,0,0,0,0,0,0,1,1,1,1,1
236.01979954648527,236.228779138322,61,51,-1,0,0,1,2,2,2,3,2,2,2,1,1,1,1,0,0,0
234.46406258503401,234.6614321995465,53,62,-1,1,1,1,1,1,1,1,1,1,1,1,1,1,1,1,0
234.33506893424035,234.46406258503401,53,54,1,1,1,1,1,1,1,-2,-2,-1,-1,-1
234.23057913832199,234.36989886621316,58,43,2,2,2,2,2,1,1,1,1,1,1,1
233.77779002267573,233.96354965986393,53,71,1,2,2,2,1,1,1,1,1,1,1,1,1,1,0,0
233.2553410430839,233.58042040816326,53,68,1,1,1,1,1,1,1,1,1,1,1,1,1,1,1,1,1,1,1,1,1,1,1,1,1,1,1,1
232.7212820861678,233.2553410430839,53,55,2,2,2,2,2,2,2,2,2,2,2,0,0,0,0,0,1,2,2,2,2,2,2,2,1,1,1,1,1,1,1,1,1,1,1,1,1,2,2,2,2,2,2,1,1,1
232.54713242630385,232.7212820861678,53,81,2,2,2,1,1,1,1,1,1,1,2,2,2,2,2
232.3600888888889,232.54713242630385,53,78,1,1,1,1,1,1,1,1,1,1,1,1,1,1,1,1,1
232.11627936507938,232.2672090702948,55,75,1,1,1,1,1,1,1,1,1,1,1,1,1
231.81441995464854,232.11627936507938,55,62,2,1,1,1,1,1,1,1,1,1,1,1,1,1,1,1,1,1,1,1,1,1,1,1,1,1
230.33866893424036,230.46766258503402,47,36,0,0,0,0,0,3,3,3,3,3,1,1
229.51436054421768,230.04841950113376,55,79,1,1,1,1,1,1,1,1,1,1,1,1,1,1,1,1,1,1,1,1,1,1,1,1,1,1,1,1,1,1,1,1,1,1,1,1,1,1,1,1,1,1,1,2,2,2
229.0964013605442,229.43309070294782,56,36,0,0,0,-1,-1,-1,-1,-1,-1,0,0,1,1,1,2,3,3,3,2,2,2,2,0,0,0,-1,-1,-1,-1
228.84098185941042,229.02674149659862,57,43,2,2,0,0,0,0,0,0,0,0,0,0,0,0,0,0
228.31724897959185,228.49268253968253,57,67,1,1,1,1,1,1,1,1,1,1,2,2,2,2,2,2
228.015389569161,228.31724897959185,57,68,2,1,1,1,1,1,1,1,1,0,0,0,0,0,0,0,0,0,0,0,0,1,1,1,1,1
227.7367501133787,227.96894965986394,60,86,2,2,2,2,2,2,1,1,1,1,1,1,1,1,1,1,1,1,1,0
227.4813306122449,227.7367501133787,60,51,2,2,2,2,2,1,1,1,1,1,1,3,3,3,2,2,2,2,2,2,2,2
227.28396099773244,227.42328072562358,62,57,0,0,1,2,2,2,2,2,1,1,1,1
225.99396961451248,226.20294920634922,60,37,-1,-1,-1,0,0,0,0,0,0,-1,-1,-1,0,0,0,0,0,0
225.63406031746032,225.85464988662133,57,72,1,1,1,1,1,1,1,1,1,1,1,1,1,1,1,1,2,2,2
225.37864081632654,225.5179605442177,60,72,1,1,1,1,1,1,1,1,1,1,1,1
225.28576099773244,225.63406031746032,57,66,0,0,0,2,2,-1,-1,-1,-1,1,1,1,1,1,1,1,1,1,2,2,0,0,0,0,0,1,1,2,2,1
225.10000136054424,225.28576099773244,57,86,1,1,1,1,1,1,1,1,1,1,1,1,1,2,0,0
224.7633120181406,225.10000136054424,57,83,2,2,2,1,1,1,1,1,1,1,1,0,0,0,1,1,1,1,1,1,2,2,2,2,2,2,2,2,1
224.44855873015874,224.62399229024945,60,40,2,2,2,2,2,2,2,2,1,1,1,1,1,0,0,0
224.1699192743764,224.32084897959183,60,78,1,1,1,1,1,1,1,1,1,1,1,1,1
224.00737959183672,224.1699192743764,61,50,0,0,2,2,2,2,2,2,2,2,2,1,1,1
223.60103038548752,223.81000997732426,57,77,2,2,1,1,1,0,0,0,1,1,1,1,1,1,1,1,0,0
223.36883083900227,223.577810430839,60,81,2,2,2,2,2,2,2,2,2,1,1,1,1,1,0,0,0,-1
223.07858140589568,223.21790113378685,60,67,3,2,1,1,1,1,1,2,2,2,2,1
221.73054013605443,221.88146984126985,60,44,1,1,1,1,1,1,1,1,1,0,0,0,0
221.4519006802721,221.59122040816328,58,74,2,2,2,2,2,2,2,2,2,2,2,2
221.2080911564626,221.4519006802721,58,46,-2,1,1,1,-3,-3,-3,-3,-3,-3,-2,-2,-1,-1,-1,-1,0,0,0,0,2
220.72047210884355,221.0803814058957,57,76,2,2,2,2,1,1,1,1,1,1,2,2,2,2,2,2,2,2,2,2,2,2,2,2,2,2,2,2,2,2,1
220.58115238095237,220.72047210884355,57,86,3,3,1,1,2,2,2,2,2,2,2,2
220.4289387755102,220.58115238095237,57,79,2,2,2,1,1,1,1,1,1,1,1,1,1,1
220.3941088435374,220.56954240362813,60,38,2,1,1,0,0,0,0,1,1,1,1,1,1,1,1,1
220.1154693877551,220.32444897959184,60,77,2,2,1,1,1,1,1,1,1,1,1,1,0,0,0,0,1,1
219.83682993197277,220.1154693877551,60,53,1,1,1,1,1,1,1,1,1,1,1,1,1,1,1,4,4,1,1,1,1,1,1,2
219.56980045351472,219.79039002267572,61,37,-1,0,0,0,0,0,0,0,0,1,3,3,3,3,3,3,3,0,0
219.2331111111111,219.43048072562357,57,53,2,1,1,1,0,0,0,0,0,0,0,0,0,0,0,0,0
219.00091156462585,219.22150113378683,60,86,1,1,1,1,1,1,1,1,1,1,1,1,1,1,1,1,0,0,0
218.98930158730158,219.140231292517,72,70,1,1,1,1,1,1,1,1,1,1,1,1,1
217.91989977324263,218.08243945578232,57,38,1,1,2,2,2,2,2,2,2,2,2,2,2,1
217.2697410430839,217.5483804988662,60,61,0,0,0,0,1,1,1,1,1,1,1,1,2,2,2,2,2,2,-1,1,1,1,1,1
216.96788163265308,217.22330113378686,58,63,-1,-1,0,0,0,0,0,0,0,0,0,0,0,0,0,0,2,2,2,2,2,2
216.8053419501134,216.96788163265308,58,52,1,1,1,1,1,1,1,1,1,1,-2,-1,-1,-1
216.65441224489797,216.8053419501134,60,76,0,1,1,1,1,1,1,1,1,1,1,1,1
216.30482902494333,216.53831247165533,57,69,2,2,2,2,2,2,2,2,2,2,2,2,2,2,2,2,3,3,3,3,3
216.0029696145125,216.30482902494333,57,71,2,1,1,1,1,1,1,1,1,1,1,1,1,1,1,1,1,1,1,1,1,3,3,3,3,2
215.8056,215.99135963718822,60,72,1,1,1,1,1,1,0,1,1,1,1,1,0,1,1,1
215.50374058956916,215.8056,60,48,1,1,1,1,1,1,1,1,2,2,2,2,1,1,1,1,1,1,1,1,1,1,1,1,1,1
214.9000217687075,215.1206113378685,57,68,2,2,0,0,0,0,0,0,0,0,0,0,0,0,0,1,1,1,1
214.65621224489797,214.79553197278912,72,58,2,2,2,2,2,2,2,2,1,1,1,1
214.6213823129252,214.87680181405898,60,75,1,2,2,2,2,2,2,2,2,2,2,2,1,1,1,1,1,0,0,0,0,0
212.9947015873016,213.145631292517,60,59,2,2,1,1,1,1,1,1,1,1,1,0,0
212.72767210884354,212.89021179138322,58,82,1,1,1,1,1,1,1,1,1,1,1,1,2,2
212.49418866213153,212.72767210884354,58,52,2,1,-2,-2,-2,-2,-2,-2,-2,-2,-2,-2,-2,-2,-2,-1,-1,0,0,0,0
212.01817959183674,212.2155492063492,57,91,2,2,2,1,1,1,1,1,1,1,1,2,2,2,2,2,4
211.8788598639456,212.01817959183674,57,81,2,2,2,2,2,2,2,2,2,2,2,2
211.64666031746032,211.8788598639456,57,78,2,2,2,2,2,2,2,2,1,1,1,1,1,1,1,1,1,1,2,2
211.42607074829934,211.5653904761905,60,73,1,1,1,1,1,1,1,0,0,0,-1,-1
211.01972154195013,211.1822612244898,60,72,3,2,1,1,1,1,1,1,1,1,1,2,2,1
210.8339619047619,211.01972154195013,61,61,-1,1,1,1,2,2,2,2,2,2,2,2,2,1,1,1
210.5308185941043,210.70625215419503,57,60,2,2,2,2,2,2,2,2,2,2,2,2,2,1,1,1
210.3102290249433,210.51920861678005,60,80,2,2,1,1,1,1,1,1,1,1,1,1,1,1,1,0,0,0
210.22895918367345,210.41471882086168,72,37,1,1,1,1,1,1,1,1,1,1,1,1,1,1,1,1
209.9967596371882,210.3102290249433,60,51,1,1,1,1,1,1,1,2,2,2,2,2,1,1,1,1,2,2,2,1,1,1,1,1,1,2,2
207.85923990929706,208.02177959183675,57,74,2,2,2,1,1,1,1,1,1,1,1,1,1,1
207.2555210884354,207.4645006802721,57,40,0,0,0,0,0,0,0,0,0,0,0,0,0,0,-1,-1,-1,-1
207.01171156462584,207.17425124716553,57,57,3,1,1,1,1,1,1,1,1,1,2,2,2,2
206.7446820861678,206.89561179138323,57,55,3,2,2,2,2,2,2,2,2,2,2,1,1
206.42992879818595,206.6866321995465,56,46,3,1,1,1,1,0,-1,-1,-3,-3,-1,0,0,0,0,0,0,1,1,1,1,1,1
206.24416916099776,206.39509886621317,58,83,0,0,1,1,1,1,1,1,1,0,-1,-1,-2
205.64045034013606,205.86103990929706,57,72,2,2,2,2,3,3,3,3,3,3,1,1,1,1,1,1,0,0,-1
204.01376961451246,204.15308934240363,57,60,3,3,3,3,3,2,2,1,1,0,0,-1
203.71191020408162,203.89766984126985,57,53,3,2,2,2,2,2,2,0,0,0,0,0,0,0,0,0
203.49132063492064,203.6306403628118,57,76,3,3,2,1,1,1,1,1,1,1,1,0
203.13141133786849,203.3055609977324,57,77,-2,0,1,1,1,1,1,1,0,0,0,0,0,-1,-1
202.92243174603175,203.13141133786849,56,60,4,4,4,0,0,0,0,0,0,0,0,0,0,0,0,0,1,1
202.66701224489796,202.92243174603175,57,70,1,1,1,1,1,1,1,1,1,1,1,1,1,-1,2,3,3,3,3,3,3,2
202.0736195011338,202.21293922902495,55,43,5,5,5,5,3,2,2,2,1,0,0,-1
201.8762498866213,202.12005941043085,57,65,2,2,2,2,3,3,3,3,3,2,2,2,2,2,2,1,1,-1,-1,-1,-1
201.42346077097505,201.56278049886623,56,87,3,2,2,2,1,1,1,1,0,0,0,0
201.2841410430839,201.42346077097505,56,46,2,2,2,2,3,3,3,3,3,3,3,3
201.14482131519276,201.2841410430839,56,58,0,0,0,0,2,2,2,2,2,2,2,2
200.76169206349206,200.9010117913832,54,66,6,1,1,1,1,1,2,2,1,2,2,2
200.6326984126984,200.7849120181406,56,67,4,4,4,2,2,2,1,0,0,0,0,0,0,0
200.17990929705215,200.35405895691608,57,76,1,1,1,1,1,1,1,1,1,1,1,1,1,1,1
199.64585034013604,199.99414965986392,57,89,0,0,0,1,1,1,1,1,1,1,0,1,1,1,0,0,0,0,0,0,0,0,1,1,1,1,0,0,0,0
199.40204081632652,199.58780045351472,54,52,2,3,3,2,2,2,2,2,2,2,2,2,3,3,3,3
199.28594104308388,199.42526077097506,56,40,4,4,4,1,-1,-1,-1,-1,-1,-1,-1,-1
198.82154195011336,198.96086167800453,57,84,3,2,2,2,2,2,2,2,2,0,0,-1
198.27458911564625,198.53000861678004,57,79,0,1,1,1,1,1,1,1,1,1,1,1,2,2,2,-1,-1,-1,-1,0,0,0
198.12365941043083,198.27458911564625,56,78,1,1,1,1,0,0,0,0,0,0,0,0,0
197.96111972789114,198.12365941043083,56,36,3,2,2,2,2,2,2,2,2,2,1,1,0,1
197.71731020408163,197.96111972789114,57,57,2,2,2,2,2,2,2,2,2,2,2,2,2,2,2,2,2,2,2,2,1
197.2296911564626,197.40384081632652,57,64,2,2,0,0,0,0,0,0,0,0,0,0,0,0,0
196.96266167800454,197.11359138321995,56,70,3,2,1,1,1,1,1,1,0,0,0,0,0
196.74207210884353,196.96266167800454,57,75,0,0,0,0,0,0,0,0,0,1,1,1,1,1,1,0,0,0,0
196.49697868480726,196.64790839002268,56,81,2,2,2,1,1,1,1,1,1,1,1,1,4
196.3576589569161,196.49697868480726,56,89,2,2,2,2,1,1,1,1,1,1,1,1
196.06740952380954,196.28799909297052,57,46,2,2,2,2,2,2,2,2,0,0,0,0,0,3,0,-1,-1,-1,-1
195.91647981859413,196.07901950113379,59,72,1,0,2,2,2,2,2,0,0,0,0,0,0,-1
195.5681804988662,195.91647981859413,57,63,2,0,0,0,0,0,0,0,0,0,0,-1,-1,-1,-1,0,2,2,1,0,0,0,0,0,0,0,0,0,0,1
195.24310113378687,195.382420861678,56,38,4,4,4,3,3,3,3,0,-1,-1,-1,-1
195.02251156462586,195.24310113378687,57,98,2,2,1,1,1,1,1,1,1,1,1,1,1,1,1,1,1,1,1
194.7322621315193,194.8831918367347,56,37,4,3,3,3,2,2,2,2,2,2,2,1,1
194.55682857142855,194.7322621315193,57,58,0,1,2,2,2,2,2,2,2,2,2,2,2,1,1,1
194.31301904761904,194.55682857142855,57,54,0,0,0,0,0,0,2,2,2,2,2,3,3,3,3,3,2,2,0,0,0
193.77896009070295,194.0111596371882,59,55,0,2,2,3,3,4,4,4,4,2,2,2,2,1,1,0,0,0,0,-1
193.3493909297052,193.604810430839,57,77,2,2,2,2,1,1,1,1,1,1,0,0,0,0,0,1,1,1,0,0,0,0
193.02431156462583,193.21007120181406,57,74,2,2,2,2,2,2,2,2,2,2,2,2,2,0,0,0
192.82694195011337,193.02431156462583,58,65,2,1,1,1,0,0,0,0,0,0,0,0,0,-2,-1,-1,-1
192.40769886621317,192.69794829931973,57,77,0,1,1,1,1,1,1,1,0,0,0,0,0,0,0,0,0,0,0,0,0,0,0,0,0
192.15227936507938,192.3264290249433,56,67,0,0,0,0,0,0,0,0,0,0,0,0,0,3,3
191.3511909297052,191.50212063492063,59,89,2,2,2,2,2,2,2,1,1,1,0,0,-2
191.0377215419501,191.3511909297052,60,93,0,2,2,2,2,2,2,3,3,2,2,2,2,2,2,1,1,1,1,0,0,0,0,0,0,0,-1
190.78230204081632,191.0377215419501,59,96,2,2,2,1,1,1,1,1,1,1,1,1,1,1,1,1,1,1,1,1,2,2
189.5735804988662,189.78256009070293,57,66,0,1,1,1,1,0,0,0,0,0,0,0,0,0,0,0,0,0
189.42265079365077,189.5735804988662,57,60,-2,0,0,2,2,2,2,2,0,0,3,3,0
188.07460952380953,188.28358911564627,60,86,1,1,1,1,1,1,1,1,1,1,1,1,0,0,0,-1,-1,-1
187.30835102040817,187.4825006802721,57,76,2,2,2,2,2,2,2,2,2,1,1,1,1,1,-1
187.05293151927438,187.34318095238095,60,83,0,0,0,0,0,0,0,0,0,0,0,0,0,1,1,1,1,1,1,0,0,0,0,0,0
186.51758866213152,186.73946213151928,57,85,2,2,2,2,1,1,1,1,2,2,2,2,2,2,2,2,2,1,1,0
186.29699909297054,186.51758866213152,57,77,2,2,2,1,1,1,1,1,1,1,1,1,1,1,0,0,0,2,2
186.273779138322,186.66851836734696,60,58,2,2,1,1,1,1,1,1,1,1,1,1,1,0,0,0,0,0,0,0,1,1,1,1,1,1,2,2,2,2,2,2,2,2
186.02996961451248,186.29699909297054,57,69,3,3,1,1,1,1,1,1,1,1,1,2,2,1,1,1,1,3,3,2,2,2,2
185.97191972789116,186.12284943310658,60,52,1,1,1,-6,0,0,0,0,1,1,1,1,1
185.84420997732428,186.02996961451248,57,36,2,2,2,2,2,2,2,-1,-1,3,3,3,3,3,3,3
185.69328027210886,185.84420997732428,57,78,1,1,1,1,0,0,0,0,0,0,0,0,1
185.49591065759637,185.63523038548755,60,46,2,1,1,1,2,2,2,2,1,1,1,1
185.1360013605442,185.49591065759637,60,51,1,1,1,1,1,0,0,-2,-2,0,0,0,0,0,0,0,0,0,0,0,0,0,1,1,1,1,1,1,2,2,2
184.88058185941043,185.1360013605442,60,96,0,1,1,1,1,1,1,1,1,1,1,0,0,2,2,2,2,1,1,1,1,1
184.85736190476192,185.21727120181407,57,75,1,1,1,1,1,1,1,1,1,1,1,1,1,1,1,1,1,1,1,1,1,1,1,1,1,1,1,1,1,2,2
184.61226848072562,184.75158820861677,59,64,0,1,1,1,1,1,0,-1,-1,-1,-1,0
184.35684897959183,184.85736190476192,57,71,0,0,0,0,0,1,1,1,1,1,1,1,1,1,1,1,1,1,1,3,3,1,1,1,1,1,1,1,0,0,0,1,1,1,1,1,1,1,1,1,1,1,1,1
184.3336290249433,184.5309986394558,60,76,1,1,1,1,1,1,1,1,1,1,1,1,1,1,1,0,0
184.2059192743764,184.35684897959183,57,97,0,0,2,2,2,2,2,2,2,1,1,1,0
183.99693968253968,184.2059192743764,57,81,0,0,0,0,2,2,2,2,2,2,2,2,2,2,0,0,0,0
183.12619138321995,183.31195102040815,69,63,1,1,1,0,0,0,0,0,0,0,0,0,0,0,0,-1
182.90560181405894,183.12619138321995,69,48,0,1,1,1,1,1,0,0,0,0,-1,-1,-1,-1,-1,-1,-1,-1,2
182.81272199546484,182.96365170068026,57,58,4,4,3,1,1,1,1,1,1,1,1,1,1
182.63728843537416,182.83594195011338,59,91,3,2,2,2,2,2,2,2,2,1,1,1,0,0,0,-1,-2,-2
182.47474875283447,182.63728843537416,60,105,2,2,2,2,2,2,2,1,0,0,0,0,0,0
182.11483945578232,182.3702589569161,59,93,2,2,1,1,1,1,1,1,1,1,1,1,1,1,1,1,1,1,2,2,2,3
181.53434058956915,181.67366031746033,57,79,2,2,2,2,2,2,2,1,1,0,0,0
180.88418185941043,181.10477142857144,57,77,1,1,1,1,1,1,0,0,0,0,0,0,0,0,0,0,0,0,0
180.7435782312925,180.88418185941043,57,67,-1,0,0,0,0,0,0,0,0,0,0,0,1
179.38521088435374,179.59419047619048,60,85,1,1,1,1,1,1,1,1,1,1,1,1,1,1,0,0,-1,-1
178.69893832199546,178.8279319727891,57,87,2,2,1,1,1,1,0,0,0,0,0,-1
178.4667387755102,178.69893832199546,57,100,1,1,1,1,1,1,1,1,1,1,1,1,1,1,1,1,2,2,2,2
178.2461492063492,178.4667387755102,56,59,2,2,2,2,0,0,-1,-1,-1,-1,-1,-1,-1,-1,1,1,1,1,2
178.11843945578232,178.4086888888889,60,54,2,2,1,1,1,1,1,1,1,1,1,1,1,1,1,0,0,0,0,0,0,0,1,1,1
177.7701401360544,177.97911972789115,60,74,0,1,1,1,1,1,1,1,1,1,1,1,1,1,1,1,0,0
177.75853015873017,178.2461492063492,57,64,1,1,1,1,1,1,1,1,1,1,1,1,1,1,1,1,1,1,0,0,0,0,0,0,2,2,2,2,2,2,1,1,1,1,1,1,1,1,1,1,1,-1
177.59599047619048,177.75853015873017,57,89,1,1,1,1,1,1,1,1,1,0,0,0,0,1
177.50311065759638,177.7701401360544,60,60,1,1,1,1,1,1,1,1,1,1,1,1,1,1,1,1,0,0,0,0,0,0,0
177.23608117913832,177.50311065759638,60,71,1,1,1,1,1,1,1,1,1,1,1,1,1,1,1,1,1,1,1,1,1,1,1
177.23608117913832,177.59599047619048,57,89,2,2,1,1,1,1,1,1,1,1,0,1,1,1,2,2,2,2,0,0,0,1,1,1,1,1,2,2,2,2,1
177.09676145124718,177.23608117913832,57,67,2,2,2,2,2,2,2,1,1,1,1,1
176.80522811791383,177.09676145124718,57,87,1,1,1,1,1,1,1,1,1,1,1,1,1,2,2,3,2,2,1,1,1,1,0,0,1,1
176.71234829931973,176.8413419501134,72,49,0,1,1,1,1,1,1,1,1,1,1,1
176.71234829931973,177.03871156462586,60,71,1,1,1,1,1,1,1,1,1,1,1,1,1,1,1,1,1,1,1,1,1,1,1,1,0,0,0,0,0
176.5614185941043,176.71234829931973,60,60,1,1,1,1,1,1,1,1,1,1,1,1,1
176.32921904761906,176.5381986394558,57,84,1,1,1,1,1,1,1,1,1,1,1,1,2,2,2,1,1,1
176.27116916099774,176.5614185941043,60,69,1,1,1,1,1,1,1,1,1,1,1,1,1,1,1,1,1,1,1,1,1,1,1,1,1
176.10862947845806,176.27116916099774,60,65,1,1,1,1,1,1,1,1,1,1,1,1,1,1
176.05057959183674,176.23633922902496,55,53,1,1,1,1,1,1,1,1,1,2,2,2,2,3,3,2
175.86481995464854,176.10862947845806,60,79,1,1,1,1,1,1,1,1,1,1,1,1,1,1,1,1,0,0,0,1,1
175.86481995464854,176.07379954648528,57,78,1,1,1,1,1,1,1,0,0,0,0,1,1,1,1,1,1,0
175.70228027210885,175.86481995464854,57,81,2,2,2,2,2,1,1,1,1,1,1,1,1,1
175.5861804988662,175.86481995464854,60,73,1,1,1,1,1,1,1,1,1,1,1,1,1,1,1,1,1,1,1,1,1,1,1,1
175.41203083900228,175.70228027210885,57,95,-1,0,0,0,1,1,1,1,1,1,1,1,1,1,1,1,1,1,1,1,1,2,2,2,2
175.36559092970523,175.5861804988662,60,75,1,1,1,1,1,1,1,1,2,2,2,2,2,2,2,-8,-8,-8,1
175.0869514739229,175.36559092970523,60,67,0,1,1,1,1,1,1,1,1,1,1,0,0,0,0,0,0,1,1,1,1,1,1,1
173.04231156462583,173.61120045351473,53,64,0,1,1,1,1,1,1,1,1,1,1,1,1,1,1,1,1,1,1,1,1,1,1,1,1,1,1,1,1,1,1,1,1,1,1,1,1,1,1,1,1,1,1,1,1,1,1,1,1
171.79876009070296,172.0309596371882,53,62,1,1,1,1,1,1,1,1,1,1,0,0,0,0,0,0,0,1,1,1
171.55495056689344,171.79876009070296,53,69,0,0,0,0,0,0,0,0,0,0,0,0,0,0,0,1,1,1,1,1,1
171.2763111111111,171.55495056689344,53,67,1,1,1,1,1,1,1,0,0,0,0,0,1,1,1,1,1,1,1,1,1,1,1,1
171.0325015873016,171.2763111111111,55,92,1,1,1,1,1,1,1,1,1,1,1,1,1,1,1,1,1,1,1,1,1
170.8222380952381,171.0325015873016,55,59,2,2,2,1,1,1,0,0,0,2,2,2,2,2,2,2,2,2,2
168.4757387755102,169.15040136054424,55,80,1,1,1,1,1,1,1,1,1,1,1,1,1,1,1,1,1,1,1,1,1,1,1,1,1,1,1,1,1,1,1,1,0,0,0,0,0,0,0,0,0,0,0,0,0,0,0,0,0,0,0,0,0,0,0,0,0,0,0
168.33641904761905,168.4757387755102,55,95,2,2,2,2,2,2,1,1,1,1,1,1
167.80236009070293,167.9416798185941,57,76,1,1,1,1,1,1,1,1,1,1,1,1
167.29152108843536,167.45406077097505,57,68,2,2,2,2,2,2,2,2,2,2,2,2,2,2
166.65168843537415,166.8606680272109,60,84,1,2,2,2,2,2,2,1,1,1,1,1,1,1,1,0,0,0
166.47753877551023,166.65168843537415,60,90,1,1,1,1,1,2,2,2,0,0,0,0,0,1,1
166.33821904761905,166.47753877551023,60,76,3,3,3,3,3,2,1,1,1,1,1,1
166.1060195011338,166.33821904761905,61,42,0,1,1,2,2,2,2,2,2,2,2,3,3,3,4,4,3,3,3,2
165.45586077097508,165.65323038548755,68,50,1,1,1,1,1,1,1,2,2,2,2,0,0,0,0,3,4
164.49094875283447,164.86246802721087,53,67,2,0,1,1,1,0,0,2,2,2,2,2,2,1,1,1,1,1,1,1,1,0,0,0,1,1,1,1,1,1,1,2
164.23552925170068,164.49094875283447,53,78,1,1,1,1,1,1,1,1,1,1,2,2,2,2,2,2,1,1,1,1,1,1
163.9452798185941,164.23552925170068,53,83,3,2,2,2,2,2,2,1,1,1,1,1,1,1,1,1,1,1,1,1,1,1,1,1,1
163.38800090702946,163.58537052154193,53,67,1,1,1,1,2,2,2,2,2,1,1,1,1,1,1,1,0
163.0280916099773,163.16741133786846,53,71,1,1,1,1,1,1,1,2,2,1,1,1
162.8874879818594,163.0280916099773,53,82,1,1,1,1,1,1,1,1,1,1,1,1,1
162.28376916099774,162.5507986394558,55,87,2,2,2,2,1,1,1,1,1,1,0,0,0,0,0,0,0,0,0,0,0,-2,-2
162.0515696145125,162.28376916099774,55,57,2,1,1,1,1,1,1,1,0,0,0,0,0,0,2,2,2,2,2,2
161.80776009070294,162.0515696145125,56,48,0,0,0,1,1,2,2,3,3,3,3,3,3,3,3,3,3,2,-1,-1,-1
159.68185034013607,160.56420861678006,55,89,2,2,2,1,1,1,1,1,1,1,1,1,1,1,1,1,1,1,1,1,1,1,1,1,1,1,1,1,1,1,1,1,1,1,1,1,1,1,1,1,1,1,1,1,1,1,1,1,1,1,1,1,1,1,1,1,1,1,1,1,1,1,1,1,1,1,1,1,1,1,1,1,1,1,1,1
159.3567709750567,159.5773605442177,56,36,-1,0,0,1,3,3,3,3,2,2,2,2,2,2,2,2,1,0,-1
159.03169160997734,159.2290612244898,57,63,-1,-1,1,1,1,0,0,0,0,0,1,1,1,1,1,1,0
158.80981814058956,158.95042176870749,60,66,1,1,1,1,1,1,1,1,1,1,1,1,1
158.58922857142858,158.72854829931973,57,75,1,2,2,2,2,1,1,1,1,2,2,2
158.4499088435374,158.58922857142858,57,84,1,1,1,2,2,1,1,1,1,1,1,1
158.14804943310656,158.4499088435374,57,62,3,3,2,1,1,1,1,1,1,1,0,0,0,0,0,0,0,1,1,1,0,0,0,0,1,1
157.91584988662132,158.10160952380951,60,77,2,2,1,1,1,1,1,1,1,1,1,1,1,0,0,0
157.68365034013604,157.91584988662132,60,48,0,0,2,2,1,1,1,1,1,3,3,3,3,3,2,2,1,1,2,2
155.4532507936508,156.1498494331066,53,89,0,0,0,1,1,1,1,1,1,0,0,0,0,1,1,0,0,0,1,1,1,1,1,1,1,1,1,1,1,1,1,1,1,1,1,1,1,1,1,1,1,1,1,1,1,1,1,1,1,1,1,1,1,1,1,1,1,1,1,1
155.23266122448982,155.4532507936508,53,84,1,1,1,1,1,1,1,1,1,1,1,1,1,1,1,1,1,1,0
154.7669782312925,155.02368163265308,53,74,1,1,1,1,1,1,1,1,1,1,1,1,1,1,1,1,1,1,1,1,1,1,1
154.4535088435374,154.7669782312925,53,66,1,1,1,1,1,1,1,1,1,1,1,1,1,1,1,0,0,0,0,0,0,0,0,0,0,1,1
154.2096993197279,154.4535088435374,53,71,2,2,2,2,1,1,1,1,1,-2,-2,-2,-2,1,1,1,1,1,1,1,0
153.84979002267573,154.2096993197279,53,69,2,2,1,1,1,1,1,2,2,2,2,2,2,1,1,1,1,1,1,1,1,1,1,1,1,1,1,1,1,1,2
153.60598049886622,153.79174013605441,55,71,1,1,1,1,1,2,2,1,1,1,1,1,1,1,1,0
153.37378095238094,153.60598049886622,55,90,2,1,1,1,1,1,1,1,1,1,1,1,1,1,1,1,1,1,1,1
152.99065170068027,153.3273410430839,56,78,0,0,0,0,0,0,0,1,1,1,1,2,2,2,3,3,3,3,3,3,3,3,1,1,1,0,0,0,-1
151.22465124716553,151.7122702947846,55,67,0,0,0,0,0,0,0,0,0,0,1,-1,-1,-1,-1,-1,1,1,1,-1,-1,-1,-1,-1,-1,1,1,1,1,1,0,0,1,1,1,1,1,1,1,1,1,1
150.89828798185943,151.22465124716553,55,96,1,1,1,1,1,1,1,1,1,1,1,1,1,1,1,1,1,1,1,1,1,0,0,0,0,0,0,0,0
150.15524943310658,150.41066893424036,60,48,1,0,0,0,0,0,0,0,0,0,0,0,0,1,1,1,1,1,1,1,1,1
149.48187074829934,149.9346598639456,57,63,1,1,1,0,0,0,0,0,0,0,0,0,0,0,0,0,0,0,0,1,1,1,1,1,1,1,1,2,2,2,2,2,2,2,2,2,2,2,3
149.22645124716556,149.42382086167802,60,77,2,1,1,1,1,1,1,1,1,1,1,1,1,1,1,1,2
149.08713151927438,149.22645124716556,60,79,0,0,0,0,0,0,0,0,1,1,1,1
148.92330793650794,149.08713151927438,60,81,3,2,2,2,1,1,1,1,1,1,1,1,1,1,0
148.74915827664398,148.92330793650794,61,48,-1,0,0,2,2,3,3,3,3,2,1,1,1,0,0
147.0773215419501,147.30952108843536,52,63,4,4,4,4,4,4,2,2,2,2,2,2,2,2,2,2,2,2,2,2
146.50714875283447,147.0773215419501,53,67,3,1,1,1,1,1,1,1,1,1,1,1,1,1,0,0,0,0,0,0,0,0,1,1,1,1,1,1,2,0,0,-1,-1,-1,-1,0,0,0,0,0,0,0,0,0,0,0,0,0,1,1
145.92664988662133,146.309779138322,53,75,2,1,1,1,1,1,1,1,2,2,2,1,1,1,1,1,1,1,1,1,1,1,1,1,1,1,1,1,1,2,1,1,1
145.41581088435376,145.69445034013606,53,55,2,2,2,2,2,2,2,2,2,2,2,2,2,2,2,0,0,0,2,2,2,2,2,2
145.17200136054421,145.41581088435376,53,92,1,1,1,1,1,1,1,1,1,1,1,1,1,1,1,1,2,2,2,2,2
145.03268163265307,145.17200136054421,53,84,2,1,1,1,1,1,1,1,1,1,1,1
144.8456380952381,145.01978775510204,55,83,2,1,1,1,1,1,1,1,1,1,1,0,0,-2,-2
144.5205587301587,144.8456380952381,55,79,2,2,2,1,1,1,1,1,1,1,1,1,1,1,1,1,1,1,1,1,1,1,1,1,1,1,1,2
143.0460916099773,143.32473106575964,56,58,0,1,1,1,2,2,2,2,2,2,2,1,1,1,1,1,1,1,1,1,1,1,2,2
142.22049931972788,142.975147845805,55,85,1,1,1,1,1,1,1,1,1,1,1,1,1,1,1,1,1,1,1,1,1,1,1,1,1,1,1,1,1,1,1,1,1,1,1,1,1,1,1,1,1,1,1,1,1,2,2,2,2,2,2,2,2,2,1,1,1,1,1,1,1,1,2,2,2
140.95372789115646,141.25687120181405,57,73,0,0,0,1,1,1,1,1,1,1,1,1,1,1,1,1,1,2,2,2,2,2,2,2,2,2,2
140.73313832199548,140.95372789115646,57,58,2,2,1,1,1,1,1,1,1,1,0,0,0,0,0,0,0,0,0
140.51254875283448,140.69830839002267,60,84,2,2,2,1,1,1,1,1,1,1,1,1,1,1,1,-3
140.1874693877551,140.32678911564628,60,67,2,2,2,2,2,1,1,1,1,1,0,0
138.80459818594105,139.20062131519276,52,92,2,1,1,0,0,0,0,0,0,0,0,0,0,0,0,0,0,0,0,0,0,0,0,0,0,0,0,0,0,0,0,0,1,1,1
138.61883854875282,138.80459818594105,52,68,3,3,3,3,2,2,2,2,2,2,2,2,2,2,2,2
138.16604943310656,138.42146893424035,52,91,2,2,2,2,2,1,1,1,1,1,1,1,1,1,1,1,1,1,0,0,0,1
137.70165034013604,138.16604943310656,52,69,1,1,1,0,0,0,0,0,0,0,0,0,1,1,1,1,1,1,1,1,1,1,1,1,1,2,2,2,1,1,1,1,0,0,2,2,2,2,2,2
137.45784081632652,137.70165034013604,52,103,3,1,1,1,1,1,1,1,1,1,1,1,1,1,1,1,1,1,1,1,1
137.10954149659864,137.45784081632652,52,77,2,1,1,1,1,1,1,1,1,1,1,1,1,1,1,1,1,1,2,2,2,2,2,2,2,2,2,3,3,3
136.980547845805,137.10954149659864,52,99,2,2,2,2,2,1,1,1,1,2,2,2
136.7831782312925,136.980547845805,52,106,2,2,2,2,2,2,2,2,1,1,1,2,2,2,2,2,2
136.40004897959184,136.99215782312925,59,46,3,3,3,3,3,3,3,3,2,2,2,2,2,2,2,3,3,3,2,2,2,2,2,2,2,2,2,2,2,2,2,2,2,2,3,3,3,3,3,2,2,2,2,2,2,1,1,1,1,2,2
136.40004897959184,136.7831782312925,52,80,2,1,1,1,1,1,1,1,1,1,1,2,2,2,3,3,3,2,2,2,2,2,2,2,2,2,2,2,2,2,2,2,2
136.02852970521542,136.20267936507938,59,41,3,2,2,2,2,2,2,2,2,2,2,2,2,2,2
135.90081995464854,136.17945941043084,52,88,1,1,2,1,1,1,1,1,1,1,1,1,1,1,1,2,2,2,2,2,2,2,2,2
135.7847201814059,135.93564988662132,59,69,1,1,0,0,0,0,0,1,1,1,1,1,1
135.51769070294785,135.90081995464854,52,83,3,3,2,2,2,2,2,2,2,2,2,2,2,2,2,2,2,2,2,2,2,2,2,2,2,2,1,2,2,2,2,1,1
135.2854911564626,135.51769070294785,53,97,3,2,2,2,2,2,2,1,1,1,1,1,0,0,0,0,0,0,0,0
134.18125941043084,134.35540907029477,50,68,0,0,0,1,1,1,1,1,1,1,1,0,0,0,0
133.82135011337868,134.04193968253966,58,81,2,2,2,2,2,1,1,1,1,1,1,2,2,1,1,1,1,1,1
133.50788072562358,133.6820303854875,60,81,0,0,0,1,1,1,1,1,1,1,1,1,-2,-2,0
133.10153151927437,133.29890113378684,57,88,2,1,1,1,1,1,1,1,1,1,1,1,1,1,2,2,2
132.93770793650793,133.10153151927437,57,58,3,2,2,2,2,2,2,2,2,2,2,2,2,2,2
132.77516825396825,132.93770793650793,58,85,2,2,2,1,1,1,1,1,1,1,1,1,1,1
132.46169886621314,132.62423854875283,60,87,0,0,1,1,1,1,1,1,0,0,0,0,0,0
131.99729977324262,132.1598394557823,60,39,-1,0,0,0,0,0,0,0,0,0,0,0,0,0
131.99729977324262,132.2527192743764,57,89,2,2,2,2,2,2,2,2,2,2,1,1,1,1,1,1,2,2,2,2,2,2
131.60256054421768,131.92763990929706,60,46,-4,0,0,0,0,0,0,0,0,0,0,0,0,0,0,0,0,0,0,0,0,0,0,0,0,0,0,0
131.60256054421768,131.92763990929706,58,81,2,1,1,1,1,1,0,0,0,0,0,0,0,0,0,0,0,1,1,1,1,1,1,0,0,0,0,-1
131.31231111111111,131.57934058956917,59,59,0,0,0,1,2,2,2,2,2,2,3,3,3,3,3,3,3,3,3,0,0,-1,-1
130.90467800453516,131.12655147392292,53,78,1,1,1,1,1,1,0,0,0,0,0,0,1,1,1,1,1,1,2,2
130.15002947845807,130.31256916099775,53,78,2,2,2,2,1,1,1,1,1,1,1,1,1,1
129.90621995464855,130.15002947845807,54,45,-1,0,0,0,0,0,1,1,4,4,4,5,5,4,3,3,3,2,2,0,0
129.6972403628118,129.883,57,60,2,1,1,1,0,0,0,0,0,0,0,0,0,0,0,0
129.39538095238098,129.6972403628118,58,82,2,2,1,1,1,1,1,1,1,1,1,1,1,1,1,1,1,1,1,1,0,0,0,-1,-1,-1
129.1631814058957,129.33733106575966,60,83,1,1,1,1,1,1,1,0,0,0,0,0,0,0,-2
128.6974984126984,128.8484281179138,57,70,0,0,0,0,0,0,0,0,0,0,0,0,0
128.31436916099773,128.61622857142856,58,74,2,2,2,2,2,1,1,1,1,1,1,1,1,1,1,1,1,1,1,1,1,1,0,0,0,-1
128.17504943310658,128.31436916099773,60,82,1,0,0,0,0,0,0,0,0,0,0,0
127.82675011337867,128.0125097505669,58,58,0,1,1,1,2,2,2,2,2,2,2,2,2,2,3,2
127.59455056689342,127.74548027210884,57,78,1,1,1,1,1,1,1,1,1,1,1,0,0
127.25786122448979,127.5365006802721,58,89,2,2,2,2,2,2,2,2,2,2,1,1,1,1,1,1,1,1,1,1,1,1,1,0
127.10564761904763,127.25786122448979,59,75,2,2,2,2,2,2,1,2,2,2,-1,-1,-1,-1
126.91988798185942,127.10564761904763,59,50,0,0,1,1,2,2,2,3,3,3,3,3,3,3,3,2
126.768958276644,126.90827800453515,58,81,0,1,1,1,1,2,2,2,2,2,2,3
125.95625986394559,126.20006938775511,48,80,1,1,1,1,1,1,1,1,1,1,1,1,1,1,1,1,1,1,1,1,1
125.78211020408163,125.95625986394559,48,99,2,2,2,2,1,1,1,1,1,1,1,1,1,1,1
125.41059092970522,125.61957052154196,50,79,0,0,1,1,1,1,1,1,1,1,1,2,2,2,0,0,0,-1
125.37576099773243,125.51508072562359,57,66,2,2,2,1,1,1,1,1,1,1,1,3
125.07261768707482,125.34093106575965,58,87,2,2,2,2,1,1,1,1,1,1,1,1,1,1,1,1,1,1,1,1,0,0,0,0
124.9216879818594,125.07261768707482,59,74,3,3,2,2,2,2,2,2,0,0,0,-1,-1
124.73592834467121,124.9216879818594,59,57,-1,2,2,2,2,2,2,2,2,3,3,3,3,3,3,3
124.34118911564626,124.50372879818595,57,89,1,1,1,1,1,1,1,1,1,1,2,2,1,1
124.09737959183674,124.27152925170068,58,80,1,1,1,1,1,1,1,1,1,1,1,0,0,0,0
123.95805986394558,124.09737959183674,58,78,3,3,2,2,2,2,2,2,2,1,1,1
123.67942040816327,123.95805986394558,59,74,-1,0,2,2,2,2,2,2,3,3,3,3,3,3,3,3,3,3,2,1,1,1,1,0
123.52849070294785,123.667810430839,58,61,0,0,0,0,0,0,1,1,1,2,2,2
123.26146122448979,123.43561088435375,57,77,1,1,1,1,1,1,1,1,1,1,1,1,1,1,1
122.90026802721088,123.3543410430839,60,54,-5,-5,1,1,1,1,1,1,1,1,1,1,1,0,0,0,0,0,0,0,0,0,0,0,0,0,0,0,0,0,0,0,0,0,0,0,0,0,0,0
122.88865804988662,123.1685814058957,58,67,1,1,1,1,0,0,0,0,0,0,0,0,0,0,0,0,0,0,0,0,0,0,0,0,0
122.62162857142857,122.86543809523809,59,88,0,0,0,1,1,2,2,2,2,2,2,2,2,2,2,1,1,1,-1,-1,-1
122.47069886621316,122.62162857142857,58,74,0,0,0,0,1,1,1,1,2,2,2,2,2
121.39097097505669,121.55351065759638,53,54,3,3,3,3,3,1,1,1,1,1,1,1,0,0
121.06460770975056,121.20521133786848,55,53,3,3,0,0,0,0,0,0,0,0,0,0,0
119.9848798185941,120.13580952380951,55,44,2,2,2,2,2,2,2,2,2,2,2,2,2
119.71785034013605,119.92682993197279,57,71,0,0,0,0,1,1,1,1,1,1,1,1,1,1,1,0,0,-2
119.47404081632652,119.671410430839,55,75,2,2,2,1,1,1,1,1,1,1,1,1,1,1,2,2,2
119.1825074829932,119.33472108843537,57,70,0,0,0,1,1,1,1,1,1,1,1,1,1,1
118.88064807256237,119.06640770975058,55,77,1,1,1,1,1,1,1,1,1,1,1,1,1,1,-1,-1
118.61361859410431,118.79937823129252,57,83,1,1,1,1,1,1,1,2,2,2,1,1,1,1,0,0
118.34658911564627,118.61361859410431,57,84,2,2,2,1,1,1,1,1,1,1,1,1,1,1,1,0,0,0,0,0,0,0,0
118.06794965986396,118.34658911564627,57,48,1,1,1,1,1,1,1,0,0,0,0,0,0,0,1,1,1,1,1,1,1,1,2,2
117.78931020408164,118.0215097505669,60,87,2,2,2,2,2,2,2,2,2,2,2,2,2,2,2,1,1,1,-1,-1
117.34813106575965,117.4874507936508,69,53,1,1,1,1,1,0,1,1,1,1,0,0
116.9637179138322,117.13786757369616,72,51,1,2,2,2,2,2,2,2,1,1,1,0,0,0,0
116.3716090702948,116.67346848072563,69,61,1,1,1,1,1,1,1,1,1,1,1,1,0,0,0,0,0,0,0,0,1,1,1,1,1,2
115.8956,116.15101950113379,60,81,2,1,1,1,1,1,1,1,1,1,1,1,1,1,1,1,1,0,0,0,0,0
115.65179047619048,115.8956,60,43,0,0,0,1,2,2,2,2,2,2,3,0,0,0,2,2,2,2,2,2,2
114.5243387755102,114.68687845804989,55,62,3,0,0,0,0,0,0,0,1,1,1,1,1,2
114.26891927437642,114.41984897959183,76,37,0,0,0,0,2,2,2,2,2,2,2,2,2
114.25730929705216,114.45467891156463,57,82,0,0,0,1,1,1,1,1,1,1,1,1,1,1,0,0,0
113.96705986394558,114.25730929705216,57,70,1,1,1,2,2,2,2,2,1,1,1,1,1,1,1,1,1,0,0,1,1,1,1,0,0
113.68842040816327,113.96705986394558,57,77,1,1,1,1,1,1,0,0,0,0,0,1,1,1,1,1,1,1,0,0,0,0,0,0
113.38656099773243,113.59554058956917,60,51,5,3,3,3,3,3,3,3,3,2,2,1,1,1,0,0,0,0
112.09656961451248,112.23588934240362,72,67,2,1,1,1,1,1,1,1,1,1,1,1
111.50446077097506,111.66700045351473,72,48,1,1,1,1,1,1,1,1,1,1,1,1,1,1
111.50446077097506,111.81793015873015,60,76,1,1,1,1,1,1,1,1,1,1,1,1,1,1,1,1,1,1,1,1,1,1,1,1,1,1,1
111.34192108843537,111.50446077097506,60,87,0,0,0,0,1,1,1,1,1,1,1,1,1,1
110.4350589569161,110.66725850340136,57,63,1,1,1,1,2,2,2,2,2,2,2,2,2,0,0,0,0,0,0,-1
109.88939002267573,110.06353968253968,57,61,2,2,2,1,0,0,0,0,0,0,1,1,1,0,0
109.57592063492064,109.72685034013605,57,75,0,1,1,1,1,1,1,1,1,1,0,0,0
109.3669410430839,109.57592063492064,57,68,1,1,1,1,1,1,1,1,1,1,1,1,1,0,0,0,0,0
109.01735782312926,109.23794739229025,60,75,2,2,2,2,2,2,2,2,2,1,1,1,1,1,1,1,1,0,0
108.36719909297052,108.6922784580499,62,55,1,1,1,1,1,1,1,1,1,1,1,0,-1,-1,-1,-1,1,1,1,1,1,1,1,1,1,1,1,1
107.9376299319728,108.36719909297052,62,37,0,1,1,1,1,1,1,1,1,0,0,0,-1,-1,-1,-1,-1,0,1,1,1,1,1,1,1,1,1,1,1,0,0,0,-1,-1,-1,0,1
107.1933074829932,107.42679092970522,57,62,0,0,0,0,0,0,0,0,0,0,0,0,1,1,1,1,1,1,0,0,0
106.82178820861678,107.007547845805,55,51,5,3,3,2,2,2,2,2,2,2,2,2,2,2,2,3
106.61280861678004,106.81017823129253,57,67,2,2,2,2,2,2,2,2,2,2,2,2,2,2,2,1,-1
106.13679954648526,106.39221904761905,57,67,-1,-1,0,0,0,0,0,0,0,0,0,0,0,0,1,1,1,1,1,1,1,1
105.41698095238095,105.63757052154196,62,78,2,2,2,1,1,1,1,1,1,1,1,1,0,0,0,0,0,0,-1
105.25315736961451,105.41698095238095,62,93,2,2,2,2,2,2,1,1,1,1,2,2,2,2,2
104.59138866213152,104.81197823129251,54,39,7,3,3,0,0,0,-1,0,0,0,0,0,0,1,1,2,2,2,0
104.4404589569161,104.61460861678005,56,82,1,1,1,1,1,1,1,1,1,1,1,1,1,1,1
103.94122993197279,104.11537959183673,57,76,0,1,1,1,1,1,1,1,1,1,1,1,1,0,0
103.52327074829932,103.69742040816327,56,53,3,3,1,1,0,0,0,0,0,0,0,0,0,0,0
102.99953786848073,103.18529750566893,56,55,5,2,2,2,2,1,1,1,1,0,0,0,0,0,1,1
102.82538820861677,102.97631791383219,58,70,1,1,1,1,1,1,1,1,1,1,0,-1,-1
102.24488934240362,102.40742902494331,55,65,1,1,1,1,1,1,1,0,0,0,0,0,0,-1
101.14065759637188,101.30319727891155,57,68,2,2,2,2,2,2,2,2,1,1,1,1,0,0
100.58337868480724,100.7575283446712,57,68,1,1,0,0,1,1,1,1,1,1,2,0,0,0,0
100.26990929705215,100.46727891156462,60,52,2,2,2,2,2,2,2,2,2,2,2,2,2,1,1,-1,-1
98.95669795918369,99.25855736961452,55,65,1,1,1,1,1,1,0,0,0,0,0,0,0,0,0,0,0,0,1,1,1,1,1,1,1,1
98.43424897959184,98.64322857142858,56,41,0,0,0,0,0,0,0,0,2,3,3,3,3,3,0,0,0,0
98.12077959183674,98.31814920634922,55,40,0,0,2,2,2,2,2,2,2,2,2,2,2,2,2,1,1
97.87697006802722,98.09755963718821,57,73,-1,0,0,0,0,1,1,1,1,1,1,1,1,1,1,1,1,1,1
97.59833061224491,97.8189201814059,55,77,1,1,1,1,1,1,1,1,1,1,1,1,1,1,1,1,1,2,2
97.05137777777777,97.22552743764173,55,48,2,2,2,2,2,3,3,3,3,3,3,3,1,2,2
96.9817179138322,97.54028072562359,60,62,1,1,1,1,1,1,1,1,1,0,0,0,0,0,0,0,0,0,0,0,0,0,0,0,0,0,0,0,0,0,0,0,0,0,0,0,0,0,0,1,1,1,1,1,1,1,0,0,0
96.81917823129253,97.00493786848072,57,82,2,2,2,1,1,1,1,1,1,1,1,1,1,1,-2,-2
96.80756825396826,96.9817179138322,60,95,1,1,1,1,1,1,1,1,2,2,2,2,2,1,1
96.50570884353742,96.65663854875284,57,68,1,1,1,1,1,1,1,1,1,1,1,1,1
96.23867936507936,96.50570884353742,57,87,0,0,0,0,0,0,0,1,1,1,1,1,1,0,0,0,0,0,0,0,0,0,1
95.99486984126985,96.134189569161,59,45,3,3,3,3,3,2,2,2,1,0,1,1
95.78589024943311,95.92520997732427,61,44,-2,0,2,2,2,2,2,2,2,2,0,0
95.2041074829932,95.64657052154195,57,43,0,0,1,1,1,1,1,1,1,0,0,0,0,0,0,0,0,0,0,0,0,0,0,0,0,0,0,0,0,0,0,0,0,0,0,0,0,0,0
94.86741814058956,95.08800770975057,53,80,3,1,1,1,1,1,1,1,1,1,1,1,1,1,1,1,1,1,1
94.70487845804989,94.85580816326531,55,94,2,1,1,1,1,1,1,1,1,1,0,-1,-1
94.49589886621315,94.70487845804989,55,78,2,2,2,2,2,0,0,0,2,2,2,2,2,2,2,2,2,2
94.32174920634921,94.49589886621315,55,77,2,2,2,2,2,2,2,2,2,2,2,2,2,2,2
94.14759954648525,94.29852925170069,57,81,-1,-1,1,1,1,1,1,1,1,1,0,-1,-1
93.77608027210884,93.98505986394558,55,75,2,2,2,2,2,2,2,2,2,2,2,2,2,2,2,2,2,1
93.22912743764172,93.45100090702948,55,84,1,1,1,1,1,1,1,1,1,1,1,1,1,1,1,1,1,1,0,0
93.05497777777778,93.19429750566893,57,84,1,1,1,1,1,1,1,1,1,0,0,1
92.7298984126984,92.89243809523809,55,83,3,2,2,1,1,1,1,1,1,2,2,2,2,2
92.42803900226757,92.60218866213151,57,73,2,2,2,2,2,2,2,1,1,1,1,1,1,2,2
92.20744943310658,92.42803900226757,57,87,2,2,2,2,2,2,2,2,2,2,2,2,1,1,1,1,1,2,2
91.88237006802721,92.20744943310658,57,73,0,0,0,0,0,0,0,0,0,0,0,0,1,1,1,1,1,1,1,0,0,0,1,1,2,2,2,2
90.83618820861678,90.9871179138322,57,64,1,1,1,1,1,1,1,1,1,1,1,0,0
90.39500907029478,90.58076870748299,60,79,1,1,1,1,1,1,1,1,0,0,0,0,0,0,1,1
90.26729931972788,90.40661904761905,88,41,0,0,1,1,1,1,1,1,1,1,1,1
90.25568934240363,90.39500907029478,60,96,-1,0,1,1,1,1,1,1,1,1,1,1
89.68680045351473,90.03509977324262,57,79,1,1,1,1,1,1,1,1,1,1,1,1,1,1,1,1,1,1,1,1,1,1,1,1,1,0,0,0,0,0
89.36043718820862,89.5707006802721,55,35,3,3,3,1,1,1,1,1,2,2,2,2,2,2,2,2,2,2,2
88.8960380952381,89.12823764172336,55,66,2,2,2,2,2,2,2,2,2,2,2,2,2,2,2,2,2,2,2,2
88.64061859410431,88.83798820861678,57,77,0,0,0,1,1,1,1,1,1,1,1,0,0,0,0,-1,-1
88.03689977324264,88.29231927437642,57,88,1,2,2,2,2,2,2,2,1,1,1,1,1,1,1,1,1,1,1,1,0,-2
87.7930902494331,88.03689977324264,57,79,1,1,1,1,1,1,1,1,1,1,1,1,1,1,1,1,0,0,0,-1,-1
87.50284081632654,87.7930902494331,57,64,1,1,1,0,0,0,0,0,0,0,0,0,0,0,0,0,0,0,0,0,-1,-1,1,1,1
87.23452743764173,87.40867709750567,60,67,0,0,1,1,1,0,0,0,0,0,0,0,0,0,0
86.44504897959183,86.60758866213152,57,69,1,1,1,1,1,1,1,1,1,1,1,1,1,0
85.86455011337868,86.07352970521542,55,84,1,1,1,1,1,1,1,1,1,1,0,0,0,0,0,0,-1,-1
85.62074058956917,85.86455011337868,55,101,0,0,0,1,1,1,1,1,1,1,1,1,1,1,1,1,1,1,1,1,1
85.32920725623583,85.59752063492064,56,49,1,1,1,1,2,2,2,3,3,4,4,4,3,3,3,3,2,2,1,1,1,0,-1,-1
85.10861768707483,85.34081723356009,64,42,0,0,0,0,0,0,0,0,0,0,0,0,0,0,0,1,1,1,1,1
85.07378775510205,85.32920725623583,56,58,0,0,0,0,0,0,-1,-1,-1,-1,-1,-1,-1,-1,-1,-1,0,0,0,0,0,0
84.89963809523809,85.07378775510205,56,57,2,2,2,2,2,2,0,0,0,0,1,0,0,0,0
84.76031836734694,84.89963809523809,56,71,1,1,2,2,2,2,2,2,2,2,2,3
84.60938866213152,84.9925179138322,64,62,1,1,1,1,1,1,1,1,1,1,1,1,0,0,0,1,1,1,1,1,1,0,0,0,0,0,0,0,1,1,1,1,1
84.53972879818593,84.72548843537415,55,82,2,2,2,2,2,2,2,1,1,1,2,2,2,2,2,3
84.43523900226758,84.60938866213152,64,54,2,2,2,1,1,1,1,1,1,1,1,1,1,1,1
84.28430929705215,84.43523900226758,64,43,0,1,1,1,1,1,1,0,2,2,2,2,2
84.2378693877551,84.43523900226758,57,57,-1,0,0,0,0,0,0,0,0,0,0,0,0,0,0,0,0
83.97083990929706,84.19142947845805,64,52,1,1,1,1,1,1,0,1,1,1,2,2,2,2,2,2,1,1,1
83.94761995464853,84.2378693877551,56,61,0,0,0,0,0,0,0,0,0,0,0,0,0,0,0,0,0,0,-1,0,0,0,0,0,2
83.69220045351474,83.92439999999999,57,88,0,1,1,1,1,1,1,1,1,1,1,1,1,1,1,1,1,0,0,0
83.68059047619047,83.88957006802721,64,55,1,1,1,1,1,1,1,1,1,1,1,1,1,1,1,1,1,1
83.42388707482992,83.68059047619047,64,58,1,1,1,1,1,1,1,1,1,1,1,1,1,1,1,1,1,1,1,0,0,0,1
83.41227709750567,83.69220045351474,57,79,1,1,1,1,1,1,1,1,1,1,1,1,1,1,1,1,-1,-1,-1,-1,-1,-1,-1,-1,0
83.19168752834467,83.41227709750567,57,81,2,2,1,1,1,1,1,1,1,1,1,1,1,0,0,0,0,0,0
82.90143809523809,83.06397777777778,60,74,1,1,1,1,1,1,1,1,1,1,1,1,2,3
82.48347891156462,82.71567845804988,60,45,1,1,1,1,1,1,2,2,2,2,1,1,1,1,1,1,1,1,1,2
81.26314739229025,81.51985079365079,55,79,2,2,2,1,1,1,1,1,1,1,1,1,1,1,1,1,1,1,0,0,1,1,1
80.99611791383221,81.22831746031747,57,82,1,1,1,1,1,1,1,1,1,1,1,1,1,1,1,0,0,0,0,-1
80.42722902494332,80.83357823129252,57,46,0,0,0,0,0,0,0,0,1,1,-2,-2,1,1,1,1,1,1,1,1,1,1,2,2,2,2,2,2,2,2,1,1,1,1,1
80.16019954648527,80.38078911564627,55,81,2,2,2,2,2,1,1,1,1,1,2,2,2,2,2,2,2,2,2
79.91639002267574,80.06731972789116,57,64,2,2,2,2,2,2,2,2,2,2,2,1,1
79.32299727891157,79.49843083900227,57,85,1,1,1,1,1,1,1,1,1,1,1,1,1,1,0,0
79.17206757369615,79.32299727891157,57,91,0,0,0,0,0,0,0,0,0,1,1,1,1
78.812158276644,79.17206757369615,57,74,3,3,0,0,0,0,0,0,-1,-1,-1,-1,-1,-1,-1,-1,-1,-1,-1,0,0,0,1,1,1,1,1,1,1,1,0
78.53351882086169,78.6844485260771,79,35,0,0,0,0,0,0,0,0,1,1,1,1,0
78.52190884353742,78.71927845804989,60,72,0,0,0,0,0,0,0,0,0,0,1,1,1,1,0,0,0
77.50023083900227,77.63955056689343,53,62,0,0,0,0,0,0,0,0,0,0,0,0
76.97649795918367,77.19708752834467,55,91,2,2,2,2,2,1,2,2,1,1,1,1,1,1,1,1,1,1,1
76.80234829931973,76.97649795918367,55,64,3,3,3,3,2,2,2,2,2,2,2,2,2,2,2
76.61658866213152,76.80234829931973,57,78,0,0,1,1,1,1,1,1,1,1,1,1,0,0,0,0
76.0593097505669,76.22184943310657,57,59,0,0,0,0,0,0,0,0,0,0,0,0,-1,-1
75.5252507936508,75.68779047619047,57,87,0,0,1,1,1,1,1,1,1,1,1,1,1,1
75.25693741496599,75.46591700680271,55,81,2,2,2,2,2,2,2,2,2,2,2,2,2,2,2,2,1,1
74.95507800453514,75.17566757369615,57,93,1,2,2,2,2,2,2,2,2,2,2,2,2,1,1,1,1,1,0
74.6880485260771,74.95507800453514,57,103,1,1,1,1,2,2,2,2,2,2,2,2,2,2,2,1,1,1,1,1,1,1,1
74.50228888888888,74.6880485260771,57,87,1,1,1,1,1,1,1,1,1,2,2,2,2,1,1,1
74.18881950113378,74.37457913832199,59,84,2,2,2,2,2,2,2,2,2,2,2,2,1,1,0,0
73.96822993197279,74.153989569161,61,37,-2,-1,1,2,2,4,4,4,4,4,3,1,0,0,-1,-1
72.91043809523809,73.24712743764172,57,59,2,2,1,1,1,1,1,0,0,0,0,1,1,-3,-3,-3,-3,-4,-4,-4,-4,-4,-4,-4,1,1,1,1,1
72.58535873015873,72.82916825396825,55,83,2,1,1,1,1,1,0,0,0,0,0,0,0,0,0,0,1,1,1,1,1
72.38798911564625,72.58535873015873,56,47,3,3,2,2,2,2,2,2,2,2,-1,-1,0,0,0,-1,-1
72.06290975056689,72.26027936507936,55,89,1,1,1,1,1,1,1,1,1,1,1,1,2,2,2,2,2
71.50434693877551,71.67978049886621,55,75,1,1,1,1,1,1,1,0,0,0,0,0,0,0,0,1
71.17926757369615,71.33019727891157,57,72,-1,1,1,1,2,2,2,2,2,1,1,0,0
70.9122380952381,71.14443764172336,55,80,2,2,2,2,1,1,1,1,1,1,1,1,1,1,1,1,1,1,1,1
70.64520861678005,70.84257823129252,57,78,-1,0,0,0,0,0,1,1,1,1,1,1,0,0,0,0,-1
70.378179138322,70.58715873015873,56,49,2,2,2,2,2,2,2,2,3,3,3,3,3,3,2,2,2,2
70.07631972789116,70.2852993197279,57,70,0,0,0,0,0,0,0,1,1,1,1,1,1,1,1,-1,-1,-1
69.7512403628118,69.92539002267574,60,66,3,3,3,2,2,2,1,1,1,2,2,1,1,1,1
68.53090884353742,68.72827845804989,57,58,2,2,1,0,0,0,0,0,0,0,0,0,0,2,2,2,2
67.9388,68.13616961451247,57,82,2,2,2,2,1,1,1,1,1,1,1,1,1,1,1,1,1
67.69499047619048,67.9388,57,77,1,1,1,1,1,1,1,1,1,1,1,1,1,1,1,2,2,2,2,2,2
67.40345714285715,67.54406077097507,60,68,2,2,2,1,1,1,1,1,1,0,0,0,0
67.06676780045352,67.21769750566894,60,76,2,2,1,1,1,1,1,1,1,1,1,1,2
66.83456825396826,67.06676780045352,61,64,-1,-1,0,0,0,1,1,1,1,2,2,2,3,3,2,2,2,1,1,0
66.49787891156463,66.71846848072562,57,64,2,1,1,1,1,0,0,0,0,1,1,1,1,1,1,1,1,1,1
66.27728934240363,66.4746589569161,60,86,2,2,2,2,2,2,2,2,2,2,1,1,1,1,0,0,-1
65.97542993197278,66.27728934240363,60,52,3,2,2,1,1,1,1,2,2,2,2,2,1,1,1,1,1,1,2,2,2,2,1,1,1,2
64.33713922902494,64.47645895691609,58,76,2,2,2,2,2,2,2,2,2,2,2,2
64.08171972789116,64.29069931972789,57,43,2,2,2,1,0,0,0,0,0,0,0,0,0,0,2,2,2,0
63.80308027210884,63.95400997732426,58,70,-1,0,0,1,1,-1,-1,1,1,1,1,-1,-1
63.62893061224489,63.80308027210884,57,97,2,2,2,2,2,2,2,2,2,2,2,2,2,2,2
63.488326984126985,63.62893061224489,57,91,1,1,1,1,1,1,1,2,2,2,2,2,2
63.267737414965985,63.488326984126985,57,66,3,3,2,2,2,2,2,2,1,1,1,1,1,1,1,1,1,1,1
63.000707936507936,63.221297505668936,60,82,2,2,2,2,1,1,1,1,1,1,1,1,1,1,1,1,1,1,-1
62.68723854875284,63.000707936507936,60,57,2,2,1,1,1,1,1,1,1,1,1,1,1,1,1,1,1,1,1,1,2,2,1,1,1,1,1
62.4782589569161,62.68723854875284,61,44,-1,0,0,0,0,0,0,0,0,0,3,3,3,3,3,3,2,1
62.14156961451247,62.36215918367347,57,63,1,1,1,0,0,0,0,0,0,0,0,0,0,0,0,0,0,0,0
61.897760090702945,62.118349659863945,60,93,1,1,1,1,1,1,1,1,1,1,1,1,1,1,1,0,0,0,-1
60.14336961451247,60.44522902494331,60,68,-2,0,0,0,0,0,1,1,1,-1,1,2,2,2,2,2,2,2,2,1,1,1,1,1,1,1
59.96921995464852,60.12014965986394,58,71,0,0,0,0,0,0,0,0,2,2,2,2,3
59.74863038548752,59.96921995464852,58,60,1,1,1,1,0,0,0,0,0,0,0,-1,0,0,0,0,0,0,0
59.491926984126984,59.74863038548752,58,49,1,1,1,0,0,0,1,1,1,1,1,1,1,-1,-1,-1,-1,0,1,1,1,1,1
59.224897505668935,59.42226712018141,57,64,2,2,2,2,2,2,2,2,2,2,2,2,3,3,3,3,3
58.89981814058957,59.03913786848073,58,55,-1,-1,-1,-2,-2,-2,-2,-2,1,1,1,1
58.71405850340136,58.87659818594104,60,81,1,1,1,1,1,1,1,1,1,0,0,0,0,-2
58.34253922902494,58.71405850340136,60,52,3,1,1,1,0,0,1,1,1,1,0,2,2,2,2,2,3,3,3,1,1,1,1,1,1,1,1,2,1,1,1,1
58.11033968253968,58.34253922902494,61,49,-1,-1,-1,0,0,-1,-1,0,0,0,0,2,2,2,2,2,2,2,0,0
57.79687029478458,58.05228979591837,57,71,3,2,0,0,0,0,0,0,0,0,0,0,0,0,0,1,1,1,1,1,1,1
57.56338684807256,57.70399047619048,72,57,2,2,2,2,1,1,2,2,1,1,1,1,1
57.56338684807256,57.77365034013606,60,85,2,2,2,2,2,2,2,2,2,2,2,1,1,1,1,1,0,-1,-1
55.91477006802721,56.158579591836734,60,57,-1,-1,2,-1,-1,-1,-1,-1,-1,0,0,0,0,0,-1,-1,-1,-1,-1,-1,-1
55.624520634920636,55.81028027210884,58,83,0,1,1,1,1,1,1,1,1,1,1,2,1,2,2,2
55.37942721088436,55.61162675736962,57,67,5,1,1,1,1,1,1,1,1,1,1,1,1,1,1,1,3,3,3,3
54.9266380952381,55.12400770975057,57,84,2,2,1,1,1,1,1,1,1,1,1,1,2,2,2,4,4
54.55511882086168,54.9266380952381,57,89,2,2,2,2,1,1,1,1,1,1,1,1,1,1,1,1,1,1,1,1,0,0,0,0,1,1,2,2,2,2,2,2
54.33452925170069,54.47384897959184,60,73,1,1,1,1,0,0,0,0,0,0,-1,-1
53.928180045351475,54.07910975056689,60,74,3,1,1,1,1,1,1,1,1,2,2,2,1
53.77725034013606,53.928180045351475,61,76,2,2,2,2,2,2,2,2,2,2,1,0,0
53.427667120181404,53.613426757369616,57,75,2,2,2,2,1,2,2,2,2,2,2,2,2,2,1,1
53.19546757369614,53.41605714285714,60,92,2,2,2,2,2,1,1,1,1,1,1,1,1,1,1,1,1,0,0
52.893608163265306,53.19546757369614,60,61,3,2,1,1,1,1,2,2,2,2,2,2,2,1,1,1,1,2,2,2,2,2,2,2,2,2
51.290147392290244,51.44107709750567,53,57,1,1,1,1,1,1,1,1,1,1,1,1,1
51.03472789115646,51.290147392290244,53,81,1,1,1,1,1,1,1,1,1,1,1,1,1,1,1,1,1,1,1,1,1,1
50.860578231292514,51.03472789115646,53,79,0,0,1,1,1,1,1,1,1,1,1,1,1,1,1
50.50066893424036,50.860578231292514,53,64,1,1,1,1,1,1,0,0,0,0,0,0,0,0,0,0,0,0,0,0,-1,-1,-1,-1,0,0,0,0,0,0,0
49.89695011337868,50.2684693877551,53,42,2,1,0,0,0,0,1,1,1,1,1,1,1,1,1,1,1,1,1,1,1,-1,-1,-1,-1,-1,0,0,0,0,1,1
49.38482721088435,49.734410430839,53,68,0,0,0,0,0,0,0,0,0,0,0,0,0,0,0,0,1,1,1,1,1,1,1,1,1,1,1,1,1,1,1
49.08296780045352,49.38482721088435,53,61,1,1,1,1,1,0,0,0,0,0,0,1,1,1,1,1,1,1,1,1,1,1,1,1,0,0
48.83915827664399,49.08296780045352,55,92,2,2,1,1,1,1,1,1,1,1,1,1,1,1,0,0,0,0,0,0,0
48.59534875283447,48.83915827664399,55,61,2,2,2,2,2,2,2,2,2,2,2,2,2,2,2,2,2,1,2,2,2
46.5855387755102,46.991887981859406,55,72,1,1,1,1,1,1,1,1,0,0,0,0,0,0,0,0,0,0,0,0,0,0,0,0,0,0,0,0,0,0,0,0,0,1,0
46.179189569161,46.5855387755102,55,95,2,2,2,2,1,1,1,1,1,1,1,1,1,1,1,1,1,1,1,1,1,1,1,1,1,1,1,1,1,1,1,1,1,1,1
46.109529705215415,46.24884943310657,79,44,2,2,2,2,1,1,2,1,-1,1,1,1
46.02825986394558,46.179189569161,55,44,2,5,2,4,4,3,3,2,2,2,2,2,2
45.51613696145125,45.71479047619047,57,66,2,2,2,1,1,1,1,1,1,1,1,1,1,1,1,1,1,1
45.09817777777778,45.249107482993196,57,58,2,2,2,2,2,2,2,2,2,2,2,2,2
44.90080816326531,45.09817777777778,57,65,2,2,2,2,2,2,2,2,2,2,2,2,2,2,2,2,2
44.45962902494331,44.66860861678005,60,79,2,2,2,2,2,2,2,1,1,1,1,1,1,1,1,0,0,0
44.28547936507937,44.45962902494331,60,89,1,1,1,2,2,2,2,2,0,0,0,0,0,1,1
44.13454965986395,44.28547936507937,60,75,3,3,3,3,2,2,1,1,1,1,1,1,1
43.91396009070295,44.13454965986395,61,37,2,2,2,2,2,2,2,2,2,3,3,3,3,3,4,3,3,3,3
42.2756693877551,42.64718866213152,53,66,1,0,0,1,1,1,1,0,1,1,1,1,1,1,1,1,1,1,1,0,0,0,0,1,1,1,1,1,1,1,1,1
41.89254013605442,42.2756693877551,53,87,1,1,1,1,1,1,1,1,1,1,1,1,1,1,1,1,2,2,2,2,1,1,1,1,1,1,1,1,1,1,1,1,1
41.19465759637188,41.41524716553288,53,71,1,1,1,2,2,2,2,2,2,2,2,1,1,1,1,1,1,1,1
40.64898866213152,40.98567800453515,53,77,1,1,1,1,1,1,1,1,1,1,1,1,1,1,1,1,1,1,2,2,2,2,2,2,1,1,1,1,1
40.37034920634921,40.64898866213152,53,62,3,1,1,1,1,1,1,1,1,1,1,1,1,1,1,1,1,2,2,2,2,2,2,1
40.126539682539686,40.347129251700686,55,94,2,2,1,1,0,0,1,1,1,1,1,1,1,1,0,0,0,1,-3
39.847900226757375,40.126539682539686,55,63,2,2,2,1,1,1,1,1,1,1,1,1,1,0,1,1,2,2,2,2,2,2,2,2
38.55790884353741,38.70883854875284,55,45,4,1,1,1,1,1,1,1,1,1,1,1,1
37.81487029478458,38.15155963718821,79,47,0,0,1,1,1,1,1,1,1,1,1,1,1,1,1,1,1,1,1,1,1,1,1,1,1,1,1,1,1
37.78004036281179,38.418589115646256,55,90,1,1,1,1,1,1,1,1,1,1,1,1,1,1,1,1,1,1,1,1,1,1,1,1,1,1,1,1,1,1,1,1,1,1,1,1,1,1,1,1,1,1,1,1,1,1,1,1,1,1,1,1,1,1,1
37.52333696145124,37.78004036281179,55,100,1,1,1,1,1,1,1,1,1,1,1,1,1,1,1,1,1,1,1,1,1,1,1
36.838348299319726,37.035717913832194,57,63,3,2,2,1,1,1,1,0,0,0,0,0,0,0,0,1,1
36.61775873015873,36.78029841269841,60,78,0,0,1,1,1,1,1,1,1,1,1,1,1,0
36.292679365079366,36.54809886621315,57,84,2,2,2,1,1,1,1,1,1,2,2,2,2,1,1,1,1,1,1,1,1,2
35.955990022675735,36.292679365079366,57,73,3,2,2,1,1,1,1,1,1,1,0,0,0,0,0,0,0,1,1,1,1,1,2,2,2,2,2,2,2
35.72250657596372,35.909550113378685,60,83,1,1,1,1,1,1,1,1,1,1,1,1,1,0,0,0,-1
35.49030702947846,35.72250657596372,60,61,0,0,1,1,1,1,1,1,1,1,1,1,1,1,1,1,1,1,1,1
33.91135011337869,34.166769614512475,54,48,-1,-1,0,1,1,1,3,3,3,3,0,1,1,1,0,0,0,0,0,0,-1,-1
33.73591655328798,33.91135011337869,53,87,1,1,1,1,1,1,1,1,1,1,1,1,1,1,1,1
33.55015691609977,33.73591655328798,53,94,1,1,1,1,1,1,1,1,1,1,1,1,1,1,1,1
33.283127437641724,33.55015691609977,53,94,0,0,0,1,1,1,1,1,0,0,0,0,0,0,1,1,1,1,1,1,1,1,1
33.09736780045351,33.283127437641724,53,93,1,1,1,1,1,1,1,1,1,1,1,1,1,1,1,1
32.958048072562356,33.09736780045351,53,80,2,2,2,2,2,2,2,2,2,1,1,1
32.80711836734694,32.958048072562356,54,38,-1,1,1,2,3,3,3,3,3,3,3,3,3
32.412379138321995,32.80711836734694,53,74,1,1,0,0,0,0,0,0,0,0,1,1,1,1,1,1,1,1,1,1,1,1,1,1,1,1,1,1,1,1,1,1,1,2
32.15695963718821,32.412379138321995,53,77,1,1,1,1,1,1,1,1,1,1,1,1,1,1,1,1,1,1,1,1,1,1
32.01763990929705,32.15695963718821,53,64,2,2,2,2,1,1,-1,-1,-1,0,1,1
31.878320181405897,32.01763990929705,53,73,1,1,1,1,1,1,1,1,1,1,2,2
31.679666666666666,31.878320181405897,53,43,2,2,2,1,1,1,1,1,1,1,1,0,0,0,0,0,0,0
31.180437641723355,31.58678684807256,55,76,1,1,1,1,1,1,1,1,1,1,1,1,1,1,1,1,1,1,1,1,2,2,2,1,1,1,1,1,1,1,1,1,1,1,1
30.797308390022675,31.1339977324263,56,74,0,0,0,0,0,0,1,1,1,1,1,2,2,2,2,3,3,3,3,3,2,2,2,2,0,0,0,0,0
28.65978866213152,29.495707029478456,55,79,1,1,1,1,1,1,1,1,1,1,1,1,1,1,1,1,1,1,1,1,1,1,1,1,1,1,1,1,0,0,0,0,0,0,0,0,0,0,0,0,0,0,0,1,-1,-1,-1,-1,-1,-1,-1,-1,-1,-1,1,1,1,-1,-1,1,1,1,1,1,1,1,1,0,0,1,1,1
28.056069841269842,28.253439455782313,57,50,3,3,0,0,0,0,-1,-1,-1,-1,0,0,0,0,0,0,0
27.951580045351474,28.195389569160998,60,52,1,1,0,0,0,0,0,0,0,0,0,0,0,1,1,1,1,1,1,1,1
27.300137414965988,27.847090249433105,57,56,2,2,2,0,0,0,0,0,0,0,0,0,0,0,0,0,0,0,0,1,1,1,1,1,1,1,2,2,2,2,2,2,2,3,3,3,3,3,3,3,3,3,2,2,2,2,2,2
27.056327891156464,27.218867573696144,60,70,1,1,1,1,1,1,1,1,1,1,1,2,2,2
26.719638548752833,27.056327891156464,60,82,3,3,2,1,1,1,1,1,1,1,1,1,1,1,1,0,0,0,0,0,0,1,1,1,1,1,1,1,1
26.557098866213153,26.719638548752833,61,54,-1,0,0,1,3,3,3,3,3,2,2,2,2,0
25.104567800453516,25.27871746031746,53,62,0,0,0,1,1,1,1,0,0,0,1,1,0,0,0
24.338309297052156,25.104567800453516,53,60,1,1,1,1,1,1,1,1,1,1,0,0,0,0,0,0,0,0,0,0,0,0,0,0,0,0,0,0,0,0,0,0,0,0,0,0,0,0,0,0,0,0,0,0,0,0,0,-1,-2,-2,-2,-2,1,-1,-1,-1,-1,-1,-1,-1,-1,-1,-1,-1,-1,-1
23.721696598639458,24.106109750566894,53,70,2,2,2,1,1,1,1,1,1,2,2,1,1,1,1,1,1,0,0,0,0,1,1,1,1,1,1,1,1,1,1,1,1,1
23.408227210884355,23.721696598639458,53,51,2,2,2,2,2,2,2,2,2,2,2,1,1,1,1,1,2,2,2,1,1,3,3,3,2,2,2
23.222467573696147,23.408227210884355,53,72,2,2,2,2,1,1,2,2,2,2,2,2,2,2,2,2
22.88577823129252,23.222467573696147,53,87,1,1,1,1,1,1,1,1,1,1,1,1,1,1,1,1,1,1,2,2,2,1,1,1,1,1,1,1,2
22.607138775510204,22.81611836734694,55,86,1,1,2,2,1,1,1,2,1,1,1,1,1,1,1,0,0,-2
22.328499319727893,22.607138775510204,55,77,2,2,2,1,1,1,1,1,1,1,1,1,0,0,1,1,1,1,1,1,1,1,1,1
22.142739682539684,22.328499319727893,56,61,-2,-2,-2,2,2,2,2,2,2,1,1,1,1,1,0,-1
21.793156462585035,21.922150113378684,48,78,1,1,1,1,1,1,1,1,1,2,2,3
20.852748299319728,21.073337868480728,56,55,1,1,1,1,2,2,2,2,2,2,2,2,2,1,1,1,1,1,1
19.993609977324265,20.643768707482995,55,87,1,1,1,1,1,1,1,1,1,1,1,1,1,1,1,2,1,1,1,1,1,1,1,1,1,1,1,1,1,1,1,1,1,1,1,1,1,1,1,1,1,1,1,1,1,1,2,2,2,2,2,2,2,2,2,2
19.725296598639453,19.982000000000003,56,47,-1,0,0,1,1,2,2,2,3,3,3,2,2,2,2,2,0,0,-1,-1,-1,-1,-1
19.3653873015873,19.562756916099772,57,47,2,2,2,0,0,0,0,0,0,0,0,0,0,0,0,0,2
18.78488843537415,19.0519179138322,57,78,0,0,1,1,1,1,1,1,1,1,1,1,1,1,2,2,2,2,2,2,2,2,2
18.517858956916097,18.78488843537415,57,74,3,3,2,1,1,1,1,1,1,1,1,1,1,1,0,0,0,0,0,0,0,0,0
18.274049433106576,18.494639002267572,60,90,2,2,2,2,2,2,2,2,2,1,1,1,1,1,1,1,1,1,-1
18.007019954648523,18.274049433106576,60,51,2,2,2,2,2,2,1,1,1,0,0,0,2,3,3,3,3,2,2,2,2,2,3
17.81997641723356,17.972190022675736,62,64,-1,-1,2,2,2,2,2,2,2,0,0,0,-1,-1
15.5895768707483,15.752116553287982,57,73,2,2,2,2,2,2,2,0,0,0,0,0,0,0
13.185027664399094,13.382397278911565,68,83,1,1,1,1,1,1,1,1,1,1,1,1,1,1,1,1,1
13.126977777777778,13.301127437641723,56,80,1,1,1,1,1,1,1,1,1,1,1,1,1,1,1
12.825118367346938,13.185027664399094,68,85,1,1,1,1,1,1,1,1,1,1,1,1,1,1,1,1,1,-2,-2,-2,-2,1,1,1,1,1,1,1,1,1,1
12.29105941043084,12.534868934240363,62,66,0,1,1,1,1,2,2,2,2,2,1,1,1,1,1,1,1,1,1,1,1
4.367919274376417,4.542068934240363,68,80,1,1,1,1,1,1,1,1,1,1,1,1,0,0,0
4.205379591836735,4.367919274376417,68,89,0,1,1,1,1,1,1,1,1,1,1,1,1,1
3.9370662131519274,4.205379591836735,68,62,1,1,1,1,1,1,1,1,1,1,1,1,1,1,1,1,1,1,1,1,1,0,0,0
179.23428117913832,179.37360090702947,60,92,1,1,2,2,2,2,1,1,1,1,1,1
12.60452879818594,12.813508390022676,68,68,1,1,1,1,1,1,1,1,1,1,1,1,1,1,1,1,1,1
180.59264852607708,180.73196825396823,56,85,0,0,0,1,1,1,1,1,1,1,1,1
189.27172108843536,189.4110408163265,56,84,1,0,0,0,1,1,1,1,1,1,1,1
10.59471882086168,11.012678004535148,62,80,1,1,1,1,1,1,1,1,1,1,1,1,1,1,1,1,1,1,1,1,1,1,1,1,1,1,1,1,1,1,1,1,1,1,1,1
255.6070603174603,255.90891972789115,55,83,2,2,2,2,2,2,2,2,2,1,1,1,1,1,1,1,1,1,1,1,1,1,1,1,1,1
198.94925170068026,199.0885714285714,55,77,3,3,2,1,1,1,1,1,1,1,1,1
107.8099201814059,107.99567981859411,56,73,3,2,2,2,2,2,2,2,2,1,1,1,1,1,1,0
128.80198820861676,129.15157142857143,59,52,-6,-6,1,2,2,2,2,2,2,2,2,2,1,-2,-2,-1,-1,-1,-1,-1,-1,-1,-1,-1,1,1,1,1,1,1,1
190.21212925170067,190.35144897959182,57,74,2,2,2,2,2,2,2,2,1,1,1,1
34.166769614512475,34.67760861678005,53,67,2,2,2,1,1,1,1,1,1,1,1,1,1,1,1,1,1,1,1,1,1,1,1,1,1,1,1,1,1,1,1,1,1,1,1,1,1,1,1,1,1,1,1,1
41.741610430839,41.88093015873016,53,77,3,3,2,2,2,2,2,2,2,1,1,1
71.69139047619048,71.83071020408163,57,71,0,0,0,0,0,1,1,0,0,0,0,0
75.75745034013606,75.89677006802721,55,69,1,1,1,1,1,1,1,1,0,0,0,0
63.90757006802721,64.04688979591836,60,68,-5,-5,1,1,1,1,1,1,1,1,1,-1
88.361979138322,88.54773877551021,55,69,3,2,2,2,2,2,2,2,2,2,2,2,2,2,2,2
279.2255510204082,279.3764807256236,60,67,0,1,1,1,1,1,1,1,0,0,0,0,0
132.62423854875283,132.76355827664398,58,60,2,2,2,2,1,1,2,2,2,2,0,2
267.2711809523809,267.4569405895691,55,64,2,2,2,2,2,2,2,2,2,2,2,2,2,2,2,2
59.03913786848073,59.21328752834467,57,58,1,1,1,1,1,1,1,2,3,3,3,2,1,1,1
126.46709886621316,126.65285850340136,50,69,0,0,1,1,1,1,1,1,1,1,1,1,1,1,1,1
61.87454013605442,62.01385986394558,72,65,1,1,1,1,1,1,1,1,1,1,1,1
304.11081315192746,304.25013287981864,72,64,2,1,1,1,1,1,1,1,1,1,1,1
129.0806276643991,129.22123129251702,53,61,3,3,2,2,1,1,1,1,1,1,1,1,1
249.79821995464852,249.93753968253966,53,61,4,4,1,1,1,1,1,1,1,1,1,1
292.9459215419501,293.0968512471655,57,60,2,2,2,2,2,2,2,2,2,2,2,2,2
212.2155492063492,212.48257868480727,58,44,1,1,1,1,2,2,2,-1,4,4,-1,-1,-1,-1,-1,0,0,1,1,1,1,1,1
191.57178049886622,191.79237006802722,60,59,2,2,2,2,2,2,2,2,2,1,1,1,1,1,1,1,1,1,1
298.12782312925174,298.3832426303855,57,63,0,-1,0,0,0,0,0,0,0,0,0,0,0,1,1,1,1,2,2,2,2,2
1.6021768707482993,2.091079818594104,62,45,1,1,1,1,1,1,1,1,1,1,1,1,1,1,1,1,1,1,1,1,1,1,1,1,1,1,1,1,1,1,1,1,1,1,1,1,1,1,1,1,1,1,1
110.14480952380951,110.29573922902493,89,59,2,1,1,1,1,1,1,1,1,1,1,1,1
12.662578684807256,12.813508390022676,56,58,1,1,1,1,1,1,1,0,0,0,1,1,1
25.452867120181406,25.650236734693877,53,53,2,2,1,1,1,1,1,1,1,1,1,1,1,1,1,1,1
82.12356961451246,82.43703900226757,60,49,2,2,2,2,1,1,1,1,1,1,1,1,0,0,0,0,1,1,1,1,1,1,1,1,1,1,1
4.100889795918367,4.356309297052154,80,52,1,1,1,1,1,1,1,1,1,1,1,1,1,1,1,1,1,1,1,1,1,1
32.96965804988662,33.15541768707483,87,53,1,1,1,1,1,1,1,1,1,1,0,0,0,0,0,0
251.48295056689344,251.66871020408163,87,56,0,0,1,1,1,1,1,1,1,1,1,1,1,1,1,1
110.17963945578231,110.31895918367347,55,55,2,2,2,2,2,2,2,2,2,2,2,2
160.58742857142857,160.78479818594104,56,54,1,1,1,1,1,1,1,1,1,1,1,1,1,1,1,1,0
150.64286848072564,150.7821882086168,57,53,0,0,1,1,1,1,1,1,0,0,0,0
262.43886258503403,262.64784217687077,57,40,0,0,0,0,0,0,0,0,0,-1,-1,-1,-1,-1,0,0,0,0
116.27872925170068,116.4296589569161,81,51,1,1,1,1,1,1,1,1,1,1,1,1,1
178.39707891156462,178.58283854875282,51,53,2,1,1,1,1,1,1,1,1,1,1,1,1,1,1,1
142.20888934240364,142.48752879818593,86,45,1,1,1,1,1,1,1,1,1,1,1,1,1,1,1,1,1,1,1,1,1,1,1,1
42.04346984126984,42.19439954648526,87,49,1,1,1,2,2,2,2,1,1,2,2,1,1
23.199247619047622,23.361787301587302,87,48,0,0,0,0,0,0,0,1,1,1,1,1,1,1
164.2587492063492,164.4096789115646,87,48,1,1,1,1,1,1,1,1,1,1,1,1,1
20.01682993197279,20.260639455782314,86,47,1,1,1,1,1,1,1,1,1,1,1,1,1,1,1,1,1,1,1,1,1
275.4961804988662,275.72838004535146,60,38,1,1,1,1,1,1,1,1,1,1,1,1,1,1,1,1,1,1,1,1
166.97805170068028,167.27991111111112,57,45,2,2,2,2,2,1,3,3,2,2,2,2,2,2,2,2,2,2,2,2,2,2,2,2,2,2
160.01853968253968,160.3320090702948,79,40,1,1,1,1,1,1,1,1,1,1,1,1,1,1,1,1,1,1,1,1,1,1,1,1,1,1,1
300.3814426303855,300.6136421768707,62,38,1,1,1,1,1,1,1,1,1,1,1,1,1,-2,0,0,1,1,1,1
51.59200680272109,52.0460798185941,68,41,2,2,2,2,2,1,1,1,0,0,0,0,0,0,3,3,3,3,3,3,1,1,1,1,1,1,1,1,0,0,0,0,0,0,3,3,3,3,2,2
147.30952108843536,147.48367074829932,53,46,-1,-1,0,0,0,0,0,0,0,1,0,0,0,0,1
21.30553741496599,21.50290702947846,56,44,1,1,1,1,1,1,1,1,1,0,0,0,0,1,1,1,1
251.41329070294785,251.70354013605444,65,45,1,1,1,1,1,1,1,1,1,1,1,2,2,2,2,2,2,2,2,2,2,2,2,2,1
252.41303265306124,252.56396235827665,68,42,2,2,2,1,1,1,1,1,1,1,1,1,1
127.42040090702946,127.58294058956915,60,40,-5,-5,-5,-5,-5,-5,-5,0,0,0,0,0,0,0
